code	fqn	reason
LONG-STATEMENT	Kolmogorov.exists_familyGrayChargeAtB_two_of_witnesses	Existence statement in free variables eta, alphaDepth/epsDepth/deltaDepth, n, m and arbitrary A, client, server: from m pairwise-incomparable witness cells per root (hc_len, hc_anc, hc_disj, hc_avoid, hmass) it constructs a designated charge satisfying familyGrayChargeAtB at amplification 2. Those five are not hoisted caller context: they are the payload of `FamilyWitnessForcing`, destructured at GacsDayChargedWitness.lean:561. Inlining is impossible: the proof is lines 399-523 (125 lines), the caller 528-634 (107), so 232 > the 150-line limit of scripts/long_proofs.py.
LONG-STATEMENT	Kolmogorov.grayChargedBlockTailCertifiedV2_freeze	Strict-certificate version of the same closure: appending an accepted round p to st.frozen preserves GrayChargedBlockTailCertifiedV2, free in st, p, next, done, anchoringSlots, history. The caller grayChargedBlockTailCertifiedV2_step spans ReplayStrict.lean:276-380 = 105 lines and this body is 215-273 = 59 lines, so inlining gives 164 > the 150-line declaration limit of scripts/long_proofs.py.
LONG-STATEMENT	Kolmogorov.grayChargedBlockTailCertified_freeze	The certificate is closed under appending an accepted round: free in st, p, next, done, unavailable, anchoringSlots and history, none of which mentions the step function. Inlining is blocked by size - the only caller grayChargedBlockTailCertified_step spans Replay.lean:175-280 = 106 lines and this proof body is 119-172 = 54 lines, giving 160 > the 150-line declaration limit of scripts/long_proofs.py.
LONG-STATEMENT	Kolmogorov.grayChargedBlockV2_active_round_dichotomy	Says: for any round start `base` at any time t in the advantage phase and not terminal, either GrayChargedPositiveV2 holds or there is u > t with one more frozen round at a fresh round start and done = false in between. Not the caller's next `have`: AdvantageCore.lean:178 rcases it and works in both branches, and the call sits inside `induction fuel generalizing t base`, so t/base/hbase/hstart are re-instantiated at the recursive step (:203, `ih (t := u) rfl hstart'`). V1 twin: GacsDayChargedTailTermination.lean:283.
LONG-STATEMENT	Kolmogorov.grayChargedBlockV2_eventually_terminal_or_positive	It is the induction statement, quantified over `fuel`, which the caller does not have: for all fuel/t/base with base = blockTailStateAtV2 at t, roundStart = t, phase = advantage and grayChargedAdvantageRoundCount q <= base.frozen.length + fuel, either the client wins the positive game or a terminal tail state is reached. Proof is `induction fuel generalizing t base`; the sole consumer (AdvantageCore.lean:232) fixes fuel := grayChargedAdvantageRoundCount q, t := 0, base := initial state. V1 twin: GacsDayChargedTailTermination.lean:353.
LONG-STATEMENT	Kolmogorov.grayChargedBlock_chase_core	About two arbitrary block rounds p, r with p.roundIndex < r.roundIndex and two designated gray cells cu, cv of them: the cells are prefix-incomparable. This is the machine-checked section 9.2 chase (the export-anchor note). It cannot be inlined: the lemma is 109 lines (GacsDayV2Chase.lean:25-133) and its sole caller grayChargedBlockCells_incomparable is 91 lines (:153-243), so the merge is about 195 lines, over the repo's 150-line declaration limit (scripts/long_proofs.py --min 150). V1 twin grayCharged_chase_core has the same shape (GacsDayChargedClosureLedger.lean:164, :420).
LONG-STATEMENT	Kolmogorov.grayChargedDisplayedMoveV2_step_mono_advantage_continue	Free-variable statement about an arbitrary certified core: if core.done = false, the slots are nonempty and the round goal is false, one grayChargedStepV2 does not lower the displayed request at any node i < n; `core` is not a caller binder, it is produced by `cases hcert` at line 420. Inlining is blocked by size: the sole caller grayChargedDisplayedMoveV2_stateAt_succ_mono spans 378-527 = 150 lines and this proof body 314-337 = 24 lines, so 174 > the 150-line declaration limit of scripts/long_proofs.py.
LONG-STATEMENT	Kolmogorov.grayChargedDisplayedMove_step_mono_advantage	It is the `| advantage` branch of `cases hcert` in `grayChargedDisplayedMove_stateAt_succ_mono` (GacsDayChargedMonotonicity.lean:527-530), sibling of `..._step_mono_spend` (401). The shared hypotheses are not hoisted context: `ha`, `hae`, `hroom`, `hB`, `hRung`, `hsm` are the module's public parameter list, carried verbatim by both exported theorems (lines 500-507 and 540-547). Inlining the chain (121 + 95 + 61 lines) into the 36-line caller gives ~290 lines, far over the 150-line limit.
LONG-STATEMENT	Kolmogorov.grayChargedDisplayedMove_step_mono_of_missedGoal	The "round that misses its goal" shape of the step analysis (module docstring, lines 7-18); its own hypothesis `hgoalFalse` pins the round goal Boolean at `false`, which no other shape carries, and the statement is about an arbitrary certified `core` and arbitrary legal `sm` at an arbitrary node `x`. It is 95 lines (26-120), called once at line 309 inside the 121-line `..._step_mono_advantage`; merged, that declaration would be ~215 lines, over the 150-line limit.
LONG-STATEMENT	Kolmogorov.grayChargedDisplayedMove_step_mono_of_startSpend	One of the three step shapes the module docstring announces (GacsDayChargedMonotonicity.lean, lines 7-18): the last advantage round, where freezing opens spend pass 0. Stated for an arbitrary certified `core`/`next`, arbitrary legal `sm`, arbitrary node `x` of client `i`. It is 61 lines (125-185) and its only caller `..._step_mono_advantage` (190) is already 121 lines and also absorbs `..._of_missedGoal` (95 lines), so the merged declaration would be ~270 lines against a 150-line limit.
LONG-STATEMENT	Kolmogorov.grayChargedRunV2_cells_incomparable	The certificate-driven form of the mixed chase: for two frozen rounds p, r of the run at one time with p.roundIndex < r.roundIndex, raw gray cells cu, cv are prefix-incomparable, both geometric premises of grayChargedMixed_chase_core (Chase.lean:273) being read off grayChargedRunStateV2_coreCertified. Its content binders t0, hts, hrUnavail, j, hj, cu, cv are absent from the caller's signature, and grayChargedRunV2_transport_disjoint (MixedChase.lean:265) concludes List.Disjoint of transported cylinder blocks -- a different statement. Advantage-only analogue: Chase.lean:153.
LONG-STATEMENT	Kolmogorov.grayChargedV2_aggregate_request_reduced	H3 at reduced reserves in conditional form; its four extra premises are each discharged by a separately named lemma of the same file -- hraisedEq by grayChargedReplayV2_raisedSources_late_eq (:528), hQcalls0 by grayChargedV2_rounds_total_nonneg (:278, docstring "discharges hQcalls0"), hR0 by grayChargedV2_calls_le_display (:355), hQlower by grayChargedV2_final_display_lower (:313) -- in the unconditional wrapper at :558, whose conclusion is identical. Merging the 146-line core (130-275) into the 28-line wrapper gives about 172 lines, over the 150-line limit.
LONG-STATEMENT	Kolmogorov.grayChargedV2_charge_valid_of_validity	familyChargedGrayGoalAtB is defined at GacsDayGrayCharge.lean:75-81 as `familyGrayGoalAtB ... && (familyGrayChargeUniverse n deltaDepth).sublists.any (familyGrayChargeAtB ...)`; this theorem proves the second conjunct for the geometry's charge F, its sibling grayChargedV2_weak_goal_of_charge (ChargedGoal.lean:68) the first, and the caller at :199 is literally the pair. It is also strictly more general than that caller: it does not take hFsub (F in the universe's sublists), needed only to feed List.any.
LONG-STATEMENT	Kolmogorov.grayChargedV2_spendCell_early_reserve_incomparable	Section 4.3(res), time-generalized: the conclusion `not (z.2 <+: R or R <+: z.2)` is about a fine cell z of a spend round and a reserve R created at tau <= the round's harvest snapshot t0 -- the documented "(res) reserves vs spend charges" argument, the L5 analysis. The caller concludes something else, `w.2 != y.2` about a transported cell and a complement cell; the two are joined by the bridge grayChargedV2_transported_cell_ne_complement_of_incomparable (L5Disjoint.lean:190), which has four consumers (:464, :494, :533, CoarseSupport.lean:298).
LONG-STATEMENT	Kolmogorov.grayChargedV2_spendRound_straddle_killed_of_coarse	Amendment obligation G3, "the straddle lemma and leaf-1 closure", the straddle amendment, assembled for one spend round. The "copied" binders are not the caller's context: grayChargedV2_raised_full_disjoint_of_coarse (CoarseSupport.lean:223) has no t, no p, no tau/v/R, and its hcoarse and z have different types from these (there hcoarse is indexed by frozen positions and z : Fin n x Fin branch; here z : Nat x BitString). Only the lane's standing interface coincides -- `hsm : familyServerPlayLegal` occurs in 231 signatures.
LONG-STATEMENT	Kolmogorov.grayCharged_chase_core	It is the six-step cross-component chase written out in the master proof document (master proof document v14) section 9.2 "Decision 1: the unavailable list is the foreign-union harvest", line 525ff, which the docstring cites. Free variables: two arbitrary fine rounds `p`, `r` of an arbitrary legal play `sm`; conclusion is prefix-incomparability of two new gray cells. 116 lines (164-279) inside the 81-line caller (line 341) would give ~195, over the 150-line limit; separately ported for V2 (GacsDayV2Chase.lean:10).
LONG-STATEMENT	Kolmogorov.grayTailOutput_step_mono	The general one-step statement over an arbitrary certified state: `st` is implicit and constrained only by the named invariants GrayTailCertified/GrayTailHistoryOK/GrayTailTrace, and hround is deliberately the implication `(st.done || st.slots.isEmpty) = false -> st.frozen.length < grayTailRoundCount q`, so the round budget is owed only in the active case. Its body is the three-way split over `grayTailStep`. Its caller (line 547) states something else, monotonicity of the replay `playClientFamily A n (grayTailStrategy ...) sm`, and merging the trio (45+76+88 lines) exceeds the 150-line limit.
LONG-STATEMENT	Kolmogorov.grayTailOutput_step_mono_of_goal_false	The goal-false branch, and not a one-token variant of its twin: it carries the extra binder `hround : st.frozen.length < grayTailRoundCount q`, needed because a round that misses the goal must still fit the ledger, which the freeze branch never needs. In free variables: for an arbitrary st certified at t (hcert/hhist/htrace), a step missing the robust gray goal does not lower `getFamilyReq (grayTailOutput ...) i x`. Its 88-line body (408-495) with the 76-line twin and the 45-line dispatcher exceeds the 150-line declaration limit.
LONG-STATEMENT	Kolmogorov.grayTailOutput_step_mono_of_goal_true	One branch of the definitional case split of `grayTailStep`, matching the reduction lemma `grayTailStep_eq_of_goal_true` (EntryMonotonicity.lean:72) and the unflagged fourth branch `grayTailOutput_step_mono_of_done_or_slots_empty` (line 282). In free variables: for any st certified at t against a legal play (hcert/hhist/htrace are named Props and st is implicit and arbitrary), a round that meets the robust gray goal does not lower `getFamilyReq (grayTailOutput ...) i x`. Bodies 76 (331-406) + 88 (408-495) + 45 (498-542) lines: merging them breaks the 150-line declaration limit.
LONG-STATEMENT	Kolmogorov.grayTail_thresholdExit_son_witness	B2 of the five-way Leaf B decomposition tabulated in the module docstring (GacsDayLadderTailLeafB.lean:14-20: B0a, B0b, B1, B2, B3). Its signature has to match sibling B1 `grayTail_reserveExit_son_witness` (line 141), since the two are applied to the two alternatives of the same `rcases hdata.exits` (line 330) at lines 331 and 333; it differs by hnotwin and by `GrayTailThresholdExit` in place of `GrayTailPersistentReserveExit`. In free variables: an inactive son above threshold carrying a threshold exit has a tail-family reserve at its own time.
LONG-STATEMENT	Kolmogorov.restrictedEffectiveSampledRun_step_contract	the conclusion is the named predicate RestrictedSampledRunStepSpec state next bad q (CoupledRun.lean:67-81), the code-level counterpart of the extensional restrictedSampledRun_step_preserves (CoupledRun.lean:241) which concludes the same predicate, and it is consumed downstream clause by clause (EffectiveRunSemantics.lean:109, 110, 114, 120). next and hnext are hypotheses, so the statement reads: every state the spliced code decodes to meets the step spec, in the free variables stateCode, badCode, q, codes, sizes.
LONG-STATEMENT	Kolmogorov.restrictedEffectiveSampledRun_step_data	states the decoding invariant of the spliced trace in the free variable s: for every s <= N the list modelCodes.take q ++ codes and its replayed live codes decode to Bcur, Ccur with family membership, Bcur.card <= 2 ^ t s, Ccur subset Bcur and every element of length ambientLength. The caller destructs it five times (Part02.lean:945, 950, 955, 960, 976) for the mem_family, size_bound, live_subset and live_ambient fields plus the final refine; inlining its 48-line body (:644-691) into the 118-line parent (:866) gives about 162 lines, over the 150-line limit.
LONG-STATEMENT	Kolmogorov.restrictedEffectiveSampledRun_step_density	it is stated for an arbitrary live-code list: newLiveCodes is a binder here (Part02.lean:798) but not of the caller, which supplies its own `let newLiveCodes` (:917); neither the concrete splice nor modelCodes occurs in the statement, whose entire interface is hliveRetained (:820) and halignSuffix (:823). The sibling restrictedEffectiveSampledRun_step_live_monotonic (:725, same binders at :729, :749, :752) is stated over that same interface, so it is a designed interface rather than the caller's context.
RFL-BINDER	Kolmogorov.allocatorState_getElem_incomparable	`hab : a < b` carries real content: the conclusion `not (F[a] <+: F[b]) and not (F[b] <+: F[a])` is false at `a = b`, and `hab` is exactly what the proof turns into `F[a] != F[b]` via `descLengths_getElem_length_lt` (Basic.lean:285) on the strictly decreasing lengths of the free list, Basic.lean:723. Docstring: two distinct entries of the allocator free list are incomparable. The sole caller (APrioriMarginals.lean:193) needs `by omega` only because its indices are `idx` and `j - diff + 1`.
RFL-BINDER	Kolmogorov.anchoredDecoderTraceAgainst_replay	`hm` says the stage-T bad-code stream is long enough to supply the m events being replayed; it is the termination witness of the unbounded `Nat.rfind` inside `anchoredDecoderTraceAgainst` (used to build `hex` and again at `Nat.find_min' hex hm`), so the conclusion `= Part.some code` is unprovable without it. The two call sites are the two branches of an induction on m (Part02.lean:31 at m = 0, :39 at m+1), so m is genuinely varied.
RFL-BINDER	Kolmogorov.anchoredDecoderTrace_replay	hm is the convergence certificate for the decoder's stage search: the proof turns it into hex : exists tau, m <= (stream tau).length (VersionDecoder.lean:361-363), the witness that makes the Nat.rfind inside anchoredDecoderTrace terminate, so the statement fails without it. At VersionClose.lean:160 the `by omega` merely forwards the caller's own induction hypothesis hm : m + 1 <= (stream T).length introduced at :157; only the m = 0 site (:154) is arithmetically trivial.
RFL-BINDER	Kolmogorov.cValUpTo_eq	`hT` bounds a time budget, not a slack constant the caller invents: `cValUpTo c n T x` is a search cut off at stage T and this lemma is its stabilisation - the docstring reads 'Past the completed halting stage ... computes the true complexity of every string of complexity at most n'. The proof consumes hT at HubEdges.lean:448 (`haltsWithin_mono c hT p`), and the repo states the companion `boundedOutputStage_eq_completedBoundedOutput` (HubReductions.lean:75-77) with the identical `maxHaltingStage c m <= T` binder.
RFL-BINDER	Kolmogorov.cinfGap_evaln_of_stage_le	`ht : cinfGapStage c m <= t` is the saturation hypothesis and is load-bearing inside the proof at MonotoneGap.lean:160 (`le_trans h_ptime_le_T ht`): below the stage `Code.evaln t` is `none` and the conclusion is false, so the binder carries content rather than being a constant the caller fixes. The arbitrary-stage form is the interface of the file: the two further stage lemmas `cinfGap_evaln_eq_of_stage_le` (line 170) and `cinfGapOutputs_of_T_le` (line 201) carry the identical `(t) (ht)` pair, and the second is applied at an arbitrary `n` at line 263. This lemma's own sole call site (line 694) does instantiate `t` at the stage with `le_refl _`; the binder is kept because the three lemmas are read and maintained as one stage-general interface, not because that call site needs it.
RFL-BINDER	Kolmogorov.competitor_of_nat_le	`hnat` is the entire hypothesis of a Nat-to-ENat transfer: per the docstring, "a comparison of two-part costs between the natural values naming two plain set complexities transfers to the complexities themselves", and the ENat conclusion is just `hnat` cast through haValue/hsValue, so it is not derivable from the other binders. It is applied to two different competitor pairs, (A, A') at StepWisePlain.lean:452 and (A, B') at :465, where omega only rearranges the caller's Nat bound.
RFL-BINDER	Kolmogorov.condK_le_logSlack_of_le_add	`hbound : cSD + cMap <= C` is a real largeness condition and the caller is not extremal: C := cEval + cRec + cSD + cLen + cOut + cApp + cSub + cTake + cDrop + cFold (Basic.lean:201-202). The lemma is used twice with different maps - cMap := cTake at line 259 and cMap := cDrop at line 260 - so a hard-coded constant could not land both halves of the split in the same `logSlack C (k + 1)`.
RFL-BINDER	Kolmogorov.deficiencyLe_codedUniformOn_of_soi	`hdelta : i + j <= kx + delta` is not the caller's `set delta := i + j - kx`: over the naturals that truncated definition only implies the inequality (equality fails when kx > i+j), and the inequality is the right form because the conclusion `DeficiencyLe U (codedUniformOn A hA) x (delta + c_soi)` weakens as delta grows. It is combined with `h_soi_bound` to give `h_kp` at BudgetedSectionThree.lean:454, and the deficiency bound is false for delta too small. Sole site line 579.
RFL-BINDER	Kolmogorov.exists_restricted_anchored_final_state	ambientLength, streamSlack and profileSlack are free by design: the docstring says the separate arithmetic/coding phase must still choose ambientLength, prove the strict root-cardinality gap and bound the version ordinals, and hnambient (n <= ambientLength) and hslack (streamSlack <= profileSlack) are the only links between those three parameters. Both are consumed, not dropped: hnambient by restrictedAnchoredRun_terminal_nonempty (RunBounds.lean:629) and by restrictedAnchoredFinalState_avoids_profileBadSet (:632), hslack by the latter.
RFL-BINDER	Kolmogorov.grayBlockWidthInvariantV2_freeze	`p` ranges over all 9 fields of GrayTailRoundV2 and these two equations are its only constraints; they are exactly the projections the invariant reads (frozenTail: `sourceCount * grayAdvBlockMult q L p.roundIndex < 4 * p.slots.length`, ProgressStrict.lean:22-23), so the lemma is false without them while move, blockAnchor, allocated stay free. The docstring says it: p records roundIndex = st.frozen.length so its stored mult matches its slots width; both are used at line 63.
RFL-BINDER	Kolmogorov.grayChargedBlockTailCertifiedV2_freeze	p is an arbitrary round record and these four equations are what makes the append legal; each is used: hpUnavailable, hpFineEnd, hpIndex, hpSlots give hpSnap (ReplayStrict.lean:223), hpTime gives hsOK and frozen_chrono (229, 271), hpIndex gives frozen_index (258). Five sibling binders in the same block (hpBlockAnchor, hpChildEps, hpFineEnd, hpAllocated, hpGoal) need `by dsimp [p]` at the call site (363-365).
RFL-BINDER	Kolmogorov.grayChargedBlockTailCertified_freeze	`p` is an arbitrary 9-field round record and these equations are its only link to the pre-freeze state; each proves one certificate field: hpUnavailable, hpIndex, hpSlots the harvest chain (Replay.lean:128), hpTime the snapshot and frozen_chrono (130-131, 170), hpIndex frozen_index (156). Two siblings in the same block, hpDepth and hpAllocated, need `by dsimp [p]` at the call site (264-265), and p.move stays free.
RFL-BINDER	Kolmogorov.grayChargedOuterFieldsV2_of_legal	L, a and e are parameters of the conclusion GrayChargedOuterFieldsV2 q L a e n sigma A itself (and of grayChargedStrategyV2 q L a e sigma), so hL : L = grayFootprint q and hae : a <= e are constraints between things the statement is about, not definitions of auxiliary parameters. They are the interface of all three assembled fields: grayChargedStrategyV2_avoidsSmall (OuterMinimum.lean:418) takes ha hae hL, _rangeSupported and _treeSupported (OuterSupport.lean:405, :423) take hL. The structure GrayChargedOuterFieldsV2 itself is declared in free L and e (GacsDayV2PinnedTailStep.lean:21); it is the two call sites of this lemma (GacsDayV2FieldsAssembly.lean:48, GacsDayV2BaseRung.lean:80) and the consumer grayChargedStrategyV2_chargedGameSpec (GacsDayV2PinnedTailStep.lean:39, whose `hfields` hypothesis at :43-44 pins both L = grayFootprint q and e = a + 8 * grayFootprint q + 3) that work at the rung values.
RFL-BINDER	Kolmogorov.grayChargedReplayV2_late_snapshot_ge	hjj' is the getElem bound proof occurring in the conclusion itself (`...core.frozen[jj]'hjj'`), so it cannot be dropped; hjj (advantageTerminal.frozen.length - 1 <= jj) is the lateness side condition and the claim is false for early positions -- it is exactly the docstring's "every position from the last advantage round on". The sole caller, DisjointAssembly.lean:427, instantiates jj := i.val - 1, not at its own index i.val, and omega derives both binders from hlate and i.isLt.
RFL-BINDER	Kolmogorov.grayChargedRunStateV2_frozen_serverTime_mono	hij : i <= j is the monotonicity direction, not an empty binder - the conclusion is false for i > j. The lemma is the reflexive closure of the strict frozen_chrono field of grayChargedRunStateV2_coreCertified and the proof splits on `Nat.lt_or_eq_of_le hij` (ServerResolvedKill.lean:33-37). At the call site the `by omega` derives `terminalLen - 1 <= k - 1` from hmk : terminalLen <= k (lines 65, 116-117).
RFL-BINDER	Kolmogorov.grayTailSonBase_single_le	`hxi : x.1.1 = i` and `hxc : x.1.2.1 = c` are literally the `if` guard of `grayTailSonBase` (GacsDayLadderTailController.lean:306-310, `foldr (fun p acc => if p.1.1 = i and p.1.2.1 = c then getReq p.2 [] + acc else acc) 0`); the proof consumes them as `rw [if_pos ⟨hxi, hxc⟩]` and without them the statement is false. Two consumers in two modules: GacsDayChargedClosureSources.lean:337 and GacsDayV2Export.lean:272.
RFL-BINDER	Kolmogorov.grayTailStep_threshold_child	`hp_slots : p.slots = st.slots` and `hr : (st.frozen ++ [p]).length < b` are the two -- and the only two -- fields of the round-acceptance data this proof uses: hp_slots at GacsDayLadderTailResolutionExact.lean:328 (`rw [hp_slots]`) and hr at :333 (through grayTailHasSon_next_iff). The alternative the gate would accept, the bundle `GrayTailAcceptedRound st p t` (:209) that the siblings grayTailStep_active_child (:235) and grayTailStep_reserve_child (:339) take, would make this lemma demand three further fields it never destructures (p.serverTime = st.time, st.time = t, and the strict-follow clause), i.e. a strictly weaker statement than at c989552; phase 19 already made and reverted that re-bundling and phase 24 repeated it, so the loose binders are kept deliberately. The sole call site (:470) passes `rfl` for hp_slots and its own hr.
RFL-BINDER	Kolmogorov.grayTailWidthInvariant_freeze	hpSlots is the only property of the universally quantified round `p` the proof uses (`rw [hpSlots]`, then reuse of `hst.current`), i.e. the single real hypothesis about p rather than a definition of it; without it the `frozenTail` field of the conclusion fails. It is rfl at both sites because both transition functions freeze the current slot list, and leaving p abstract is what lets one lemma serve `grayTailWidthInvariant_step` (Part02.lean:318, grayTailStep) and `grayChargedTailWidthInvariant_step` (GacsDayChargedTailGlobalProgress.lean:331, grayChargedTailStep).
RFL-BINDER	Kolmogorov.hereditary_lch_step_budget	`hcLift`/`hcLch` are load-bearing, not empty: `logSlack c x = c*(bits x).length + c` (TwoPart/Basic.lean:10), so for large cLch the conclusion `... <= hereditarySlack (b^5) delta eps n` is false; they feed `budget_logSlack_pow` and `budget_lch_pow` in the body. The `const <= b` side condition is the uniform interface of all six step-budget lemmas (Budget.lean:667,699,721,742,761,792); omega closes it only because the caller sets `b := cLift+cLch+cOmegaOut+cLen+3` (Steps.lean:97,125).
RFL-BINDER	Kolmogorov.high_condK_kx_bound	hc_k is not le_rfl at either site: both callers set c_k := c_sub + c_plain + c_len + c_count + 1 (MinimalRestrictedDescriptions.lean:147 and :392), one summand c_count larger than hc_k demands, because the same c_k must also feed logSlack_linear_bound c_ctx 3 (c_k + 1) (:148, :393) and hkx1 (:162, :425). So c_k is a genuinely arbitrary constant dominating c_sub + c_plain + c_len + 1, and the conclusion is stated in it.
RFL-BINDER	Kolmogorov.isUniformWinningStrategy_of_familyController	The row misreads the argument list: at the only call site (GacsDayPinnedEndgame.lean:85) `le_rfl` is the 4th positional argument, i.e. `hcap : r <= 1/d` for r := 1/d, while hsum receives the real hypothesis `hsum d hd` declared at GacsDayPinnedEndgame.lean:70. hsum relates two independent parameters, the per-tree cap alpha used by hplay and the big root request r used by `liftFamilyStrategy n r`; the non-tight case is the sibling `isUniformWinningStrategy_of_familyController_budget` (GacsDayEndgameController.lean:125).
RFL-BINDER	Kolmogorov.leftValue_le_of_state	`h_j : (free[j]).length <= L` is the partner of `h_i` and is the induction invariant: the proof inducts on the allocator stage and hands `h_j` to its own IH by rewriting, not by omega -- APrioriMarginals.lean:139,150,167,186,205 `have h_j_F ... := by rwa [h_j_eq] at h_j`, fed to `ih` at 141,169,191,207. Docstring: padded to a common length `L`, the free list is sorted by value, so `L` must be arbitrary. Public name (alias Kolmogorov.SUV.Ch04.leftValue_le_of_state, Deprecated/AlgorithmicProbability.lean:308); sole outside site KraftChaitinApplications/Part01.lean:116.
RFL-BINDER	Kolmogorov.lemma4_caseA_arith	`hc1`/`hc2` say the output constant c dominates `c2+2` and `c1+c2+2*(bits (c1+c2+2)).length+4+c3`; they are precisely what the closing `gcongr` step `_ <= N + (c*K + c)` consumes (see the `ring` line above it), and the conclusion is false at c = 0. c is the existential witness of `lemma_4`, `set` at Lemma4.lean:507 to a sum of six machine constants, which is why omega closes them at the call site Lemma4.lean:593; the arithmetic must not depend on that particular witness.
RFL-BINDER	Kolmogorov.lemma4_caseB_arith	`hc1`,`hc2`,`hc3` say c dominates `2+c5+c6`, `c2+4+c5+c6` and `c1+c2+3+c4+c5+c6` - exactly the three coefficient groups produced by the `ring` line just before the final `gcongr` into `N + c*Qv + (c*K + c)`; the bound fails at c = 0. c is `lemma_4`'s existential witness (`set` at Lemma4.lean:507), so the sole call site Lemma4.lean:569 discharges all three by omega while the lemma stays witness-independent.
RFL-BINDER	Kolmogorov.m_P_eps_eq_zero_of_n_P_le	`hle : np <= kp + c*(kp + 2*epsilon).bits.length + epsilon` is the whole content of the theorem, not hoisted context: the docstring calls it "a second, orthogonal sufficient condition" for the exact-epsilon corner, that the height endpoint nP already sits inside the diagonal budget. `m_P_eps_eq_zero_of_n_P_le_add_two_mul` (ProfileOmpRadius.lean:254) documents itself as strengthening this one, and LemmaOmpEndpointGap.lean:13 lists it; caller LemmaOmp.lean:428.
RFL-BINDER	Kolmogorov.m_P_eps_le_standardBlock_complexity_of_plainK_le_k_P	`hc : 2*c <= c'` relates two constants the statement is already about: c is the slack of the block budget hypothesis `i + r <= m + logSlack c m`, c' is the slack inside the conclusion `mPEps P kp epsilon c' <= i`; neither defines the other. It is used at `h3 : 2*c*(bits (kp+2*epsilon)).length <= c'*(...)` and the corner is false when c' < 2c. The caller happens to choose `c_corner := 2 * c_blk` (LemmaOmpTight.lean:108), hence omega at :154.
RFL-BINDER	Kolmogorov.minfDecode_encode	`hL`/`hR` carry the whole content: `minfDecode` (MonotoneComparison.lean:310) splits a length-2m+2 string into two halves of length m+1, and `exists_lexKey` (line 290) needs `L < 2^(m+1)` exactly, so the statement is false at L = 2^(m+1). The `by omega` at line 491 is a genuine `<=`-to-`<` step from `hLB`/`hRB : L, R <= 2^(m+1) - 1`, handed back by `mSearch_spec` (PrefixComplexity.lean:549), plus `hpow : 0 < 2^(m+1)`.
RFL-BINDER	Kolmogorov.noiseGainProgram_length_slack	`hm : m <= k` ties the rank width `m`, which occurs on both sides of the conclusion, to the gain budget `k`, which occurs only inside `logSlack (20+C) (x.length+y.length+i+j+k)`; it is consumed as `hmM : (Nat.bits m).length <= W := length_natBits_mono (by omega)` (AddNoiseGain.lean:269) and the bound is false without it, since an unbounded `m` makes `|bits m|` escape the `14W+7+C` budget (line 270). The caller omegas it (line 361) only because it sets `m := k - epsilon - S` at line 325.
RFL-BINDER	Kolmogorov.nonfullChunkEmissionTime_mono	`hab : a <= b` is the order relation a monotonicity lemma is about, and `hb : b < (filter (fun S => S.card < 2^j) ...).length` is needed for truth: `nonfullChunkEmissionTime` returns 0 out of range (Part02.lean:795-801, `| none => 0` at 799), so the conclusion fails without it. It completes the family with `_strict_mono` (Part03.lean:145) and `_lt_of_lt` (Part03.lean:490); the caller (Part03.lean:576) needs the weak form at a = p, b = q - 1.
RFL-BINDER	Kolmogorov.not_prefixComparable_of_grandchild_slots	The theorem is symmetric in its two halves, (s1,u,x,p,hx,hp) against (s2,v,y,q,hy,hq); hy is the exact mirror of hx and both are required by `not_prefixComparable_of_family_regions`. At the very same call site (GacsDayLadderTailLegality.lean:250) the identical binder hx is discharged by a real by_contra argument (lines 215-221); hy is `by simp` only because that particular comparison is taken at the old slot's subtree root, y = [] (see hdOld, lines 200-207).
RFL-BINDER	Kolmogorov.partitionIntersectionSelector_produces	`hr : r <= finiteSetLogCard (A cap M)` is the third component of candidate-list membership (`mem_partitionIntersectionCandidates_iff`, PlainTotal.lean:115) and is used exactly there in the proof; without it M's code is not in the list F and the index is meaningless, so the statement is false. The threshold r is itself encoded in the produced program (`totalProgramPairCode (Nat.bits r) (chunkAddress idx s)`), i.e. it is part of the selector's input interface; the caller (PlainTotal.lean:277) just picks the maximal r.
RFL-BINDER	Kolmogorov.plainSetComplexity_two_part_le_of_two_part_le	`hm : m <= i + finiteSetLogCard A + t` is the only link between the block level m and A's complexity a; the body derives `hnat : m + s <= a + finiteSetLogCard A + kappa` from it together with hiBound and hSlackSum, and the ENat conclusion fails without it. At PropMinHereditary.lean:296 the omega consumes the caller's own `m <= min n (i + finiteSetLogCard A) + logSlack cBetter n` from `prop_better_std` (Conditional.lean:136), with the slack slot t instantiated to `logSlack cBetter n`.
RFL-BINDER	Kolmogorov.prop_better_std_cond_block	`hC : Ccond0 + 4 <= C` is an inequality between two things the statement is about, not a definition of its own parameter: `Ccond0` is the constant of the hypothesis `hcond0 : SelectorCondBound V (betterStandardBlockSelector c) Ccond0` and `C` is the slack of the conclusion `logSlack C m`; the advice costs `2|bits m| + 2|bits r| + 3 + Ccond0` (Conditional.lean:30), so the conclusion is false for small `C`. The caller can write `by omega` (Conditional.lean:191) only because it sets `C := ... + Ccond0 + Ccond1 + 20` at Conditional.lean:165.
RFL-BINDER	Kolmogorov.prop_better_std_cond_filter	Both binders are load-bearing. `hC : Ccond1 + 9 <= C` relates the constant of `hcond1 : SelectorCondBound V (betterStandardFilterSelector c) Ccond1` to the `C` of the conclusion `logSlack C m`. `hmn : n <= m` is needed because the filtered advice carries `Nat.bits n` while the slack is in `m`: it is used as `hLn := length_natBits_mono hmn` (Conditional.lean:61) and the bound fails for n >> m. The sole caller (Conditional.lean:234) omegas both only because it sets `mm := n + Clen` at Conditional.lean:193.
RFL-BINDER	Kolmogorov.quadratic_incidence_complexity_bounds	`hK : cLength + cCodec + cSwap + 10 <= K` is slack at the call site, not tight: the caller sets K := cLength + cCodec + cRegion + cSwap + 10 (QuadraticIncidenceCodecs.lean:289), the extra cRegion being needed by `commonInformationRegion_inflate_of_le` at line 379, while D := d + cFold + K and C := 3 * D (lines 290-291) feed `logSlack_nsmul 3 D n` at line 369. Fixing K inside the lemma would stop one constant serving the closeness, mutual-information and region steps.
RFL-BINDER	Kolmogorov.restrictedAnchoredFinalState_avoids_profileBadSet_against	Both binders relate distinct parameters. `hnambient` is inherited from the run spec (MixedFamilyRun.lean:194) and at the call site (:439) ambientLength is `n + logSlack 8 n`, not n. `hslack : streamSlack <= profileSlack` links the bad-code stream's sampling slack to the forbidden-profile slack and is used at the `hprof.mono_j` step; the same two-slack signature is the library interface (unmixed twin RunBounds.lean:530) and the two really differ downstream (FamilyCurve.lean:191 widens to `sqrtSlack cfin n`).
RFL-BINDER	Kolmogorov.restrictedAnchoredRun_terminal_nonempty_against	`hnambient : n <= ambientLength` relates two independent parameters - n is the grid dimension in `grid : RestrictedCurveGrid n k N target`, ambientLength is the cube the run lives over - and is handed straight to the run spec that carries the same binder (MixedFamilyRun.lean:194). At the sole call site (:436) ambientLength is the padded `n + logSlack 8 n`, not n, so omega is only discharging `0 <= logSlack 8 n`; that padding is what the volume bound needs.
RFL-BINDER	Kolmogorov.restrictedEffectiveSampledRunProcessPrefix_spec	(hcount : count <= badCodes.length) is re-instantiated by the lemma's own induction: `induction count` generalises it, the succ branch applies ih hcount_le at the shorter prefix (EffectiveRunSemantics.lean:96) and then needs hcount_lt : count < badCodes.length (:97) for hbad count hcount_lt (:100). The statement is false without it, since badCodes.getD i [] past the end is [] and need not decode to bads.getD i; the external caller (:162) only ever wants the full prefix, hence le_rfl.
RFL-BINDER	Kolmogorov.simpleApprox_exists_prefixFree_support	hx and hlen are the two branch guards of the definition simpleApprox (SimpleTreeApproximation.lean:151-154: 0 when x.length > s, 2^s when x = [], the closure otherwise) and the hypotheses of simpleApprox_eq_closure (291) used at line 105. The conclusion is false at x = []: with approx = 0 and s = 0 simpleApprox is 1 while every sum is 0. The two call sites instantiate x differently, [false] at 128 and [true] at 131.
RFL-BINDER	Kolmogorov.standardBlock_better_of_pointwise_bounds	`hCpos : Cpos <= C` relates the constant of the estimate hypothesis `hest : StandardBlockEstimates V U c Cpos mm r x hxB` to the `C` of the conclusion; it is consumed as `hslCpos := logSlack_mono_left hCpos mm` (Conditional.lean:105) and used twice (Conditional.lean:120,125) to absorb the Cpos-slack into C, so it is an inequality between two parameters of the statement, not a definition of one. Both call sites (Conditional.lean:188 and 231) instantiate a different `mm` (`i+j+logSlack Cmem j` and `n+Clen`).
RFL-BINDER	Kolmogorov.stepWise_chain_fold	`h` says cPlain dominates `5 + 31*cStd + 4*cPrefixAbs + 4*cOmega + cRevAbs + cChain`; it supplies `hmul : 5*delta <= cPlain*delta` and the `logSlack_five_le` application, and the fold is false without it. An arbitrary dominating cPlain is the right statement because the caller's witness (`set` at StepWisePlain.lean:393) is strictly bigger, `... + cCoarse + 1`, the extra cCoarse belonging to the unrelated coarse branch `stepWise_coarse_bound` (:318); call site :502.
RFL-BINDER	Kolmogorov.t1RunPrepared_preserves_model	A frame lemma: the three equations say `prepared` agrees with s on the only fields the model invariant reads - current, bMarked, seenCDouble - while its charge fields may differ, and each is consumed by a `simpa [hcurrent]` / `[hcurrent, hb]` / `[hseen]` clause. `prepared` is instantiated at two different states, `t1RunCPrimePrepared n s w` (CoreSpec.lean:247) and `t1RunDPrepared n s x` (:283), so the arbitrary-state form is what lets one lemma serve both transitions.
RFL-BINDER	Kolmogorov.t1VersionProgram_length_le	hk : k <= n and hepsilon : epsilon <= n are load-bearing, not empty: the program packs `listCode [bits n, bits k, bits epsilon]`, and the proof consumes them at T1RunBounds.lean:266-267 via `length_natBits_mono` to fit |bits k| and |bits epsilon| under |bits n|; drop either and the bound `epsilon + logSlack (cWidth + 20) n` is false for large k. The sole caller (T1RunComplexity.lean:339) holds the differently shaped `epsilon <= k` and `k + 4 <= n`, so nothing was copied from it.
SIBLING-PAIR	Kolmogorov.emittedHalfRichChunks_full_count_le	Not one statement twice: the full-chunk bound is proved from `bipartite_incidence_bound` (Part02.lean:511) by F * 2^(j+k-1) <= D * 2^j <= 2^(i+1) * 2^j, while the non-full bound is proved from `nonfull_chunk_fresh_descriptions` (Part03.lean:522), a pairwise-disjoint freshness charge on `snapshotDescriptionsAndSizeLe`. `card = 2^j` versus `card < 2^j` is the real case split of the count; the parent (Part03.lean:623) only adds them to 2^(i-k+3).
SIBLING-PAIR	Kolmogorov.grayChargedCertified_step_spend_goal_false	The two branches of `by_cases hgoal` on `grayChargedSpendGoalAtB` in `grayChargedCertified_step` (Certification.lean:271-282). They share no proof: `_false` is 36 lines and only ticks the core inside the same pass (`hspend.core.tick`), `_true` is 148 lines and freezes the round into `core.frozen ++ [p]`, rebuilds the state and opens pass+1 or done. Merging both into the 25-line caller gives ~200 lines, and `_true` alone already sits at the 150-line limit.
SIBLING-PAIR	Kolmogorov.lower_7	`canonicalObject U c i n` is a nine-way match on i (HubReductions.lean:43-53), so lower_7 is about objComplexityGraph and lower_1 about objComplexityCount - different objects proved by different reductions (lower_7 via graphToGamma plus objFirstIncompressible_spec, lower_1 via plainKNat_omegaCount_lower). The nine bodies total about 280 lines in HubEquivalence alone (lower_6 alone 112, lower_5 45), so folding them into `lower` (HubEquivalence.lean:649, 24 lines, `interval_cases i`) would blow the 150-line cap.
SINGLE-USE-TAIL	Kolmogorov.badEnumList_nil_of_m_gt_n	A fact about the definition `badEnumList` (Part01.lean:478-481) alone: for n < m the index filter `(range n).filter (fun j => m + logSlack c_gen n < h j)` is empty since h j <= h 0 <= n < m. Its premises are exactly the two `ProfileCurve` fields `top` (Part01.lean:122) and `antitone` (Part01.lean:116), taken bare instead of the eight-field bundle, which is why the caller passes `hc.top`, `hc.antitone` (line 700); companion of `temporalBadEnumList_eq_nil_of_m_eq_n` (used at line 651).
SINGLE-USE-TAIL	Kolmogorov.chargedGrayFamilyGameSpec_two_of_witnessForcing	A bridge between three named top-level interfaces: `FamilyWitnessForcing` (GacsDayWitnessForcing.lean:14) plus `GrayFamilyGameSpec` (GacsDayFamilyGame.lean:166) yield `ChargedGrayFamilyGameSpec` (GacsDayChargedFamily.lean:28), for arbitrary height h, branching b, depths and an arbitrary `sigma : ClientFamilyStrategy`. It mentions no stage-two data; the caller (GacsDayChargedRung.lean:40) instantiates h := 4, b := ladderBranching B a e, deltaDepth := e + 3, sigma := stageTwoFamilyStrategy and proves hroot by a stageTwo-specific computation.
SINGLE-USE-TAIL	Kolmogorov.computable_rawChargedBlockTailStepV2	A Computable-closure lemma in the Mathlib computability idiom over an arbitrary Primcodable X: hypotheses say each argument function fq..fcur is computable, conclusion says `fun x => rawChargedBlockTailStepV2 (fq x) ... (fcur x)` is -- "10/10 hypotheses handed back under their own names" IS that idiom. X and fq..fcur are universally quantified and the caller at :735 instantiates them at its own projections. One of 69 `computable_raw*` lemmas; it consumes computable_rawBlockAcceptV2 (:163) and computable_rawBlockRejectV2 (:109) identically.
SINGLE-USE-TAIL	Kolmogorov.computable_rawSpendFrozenV2	Same closure idiom: over an arbitrary Primcodable X the 9 hypotheses are computability of the 9 argument functions and the conclusion is `Computable fun x => rawSpendFrozenV2 (fq x) ... (fcur x)`; computable_rawSpendAcceptV2 (:617) instantiates them at its own X and projections. Its 51-line body is Primrec/Computable plumbing building the RawRoundV2 record; folded into the 96-line caller (598-693) it gives about 146 lines against the repo's 150-line declaration limit (scripts/long_proofs.py --min 150), in a file already 980 of the 1000-line limit (scripts/audit.sh:50).
SINGLE-USE-TAIL	Kolmogorov.deficiency_le_profile_slack	In free variables this is the module header's inequality (file docstring lines 32-37, `K(x) + d <= i + h_x(i) + O(log)`, SUV Exercise 367 p. 505): for idx <= alpha, profile point (idx, s_idx), and d minimal among alpha-simple sets containing x, kx + d <= idx + s_idx + (logSlack c_prof (n + idx + s_idx) + c_opt). The caller (line 100) adds only the fold into logSlack c (n + alpha + d) and two degenerate branches; the split is content, not size - 82 + 41 lines would still fit the 150 cap.
SINGLE-USE-TAIL	Kolmogorov.dichotomyD1_elem_eval	A two-tactic wrapper (`have` plus `rwa`) of `dichotomyD1_getD_eval`: mechanical by the standard of this gate, since at the sole call site Refinements.lean:695 its binders are the caller's own locals. It is kept for one reason and no other -- the public name is frozen: `Kolmogorov.dichotomyD1_elem_eval` is pinned by the deprecated alias `Kolmogorov.SUV.Ch02.dichotomyD1_elem_eval` (KolmogorovMathlib/Deprecated/Complexity01.lean:929, generated from docs/history/phase3_renames.tsv:2249), so folding it into its caller would delete a public name an external user may still hold. Collapsing the three-layer chain `dichotomyD1_eval` / `_getD_eval` / `_elem_eval` (Refinements.lean:492, 498, 507) needs a pass that is allowed to retire the aliases and their rename rows together.
SINGLE-USE-TAIL	Kolmogorov.dichotomyD2_elem_eval	A two-tactic wrapper (`have` plus `rwa`) of `dichotomyD2_getD_eval`: mechanical by the standard of this gate, since at the sole call site Refinements.lean:739 its binders are the caller's own locals. It is kept for one reason and no other -- the public name is frozen: `Kolmogorov.dichotomyD2_elem_eval` is pinned by the deprecated alias `Kolmogorov.SUV.Ch02.dichotomyD2_elem_eval` (KolmogorovMathlib/Deprecated/Complexity01.lean:944, generated from docs/history/phase3_renames.tsv:2252), so folding it into its caller would delete a public name an external user may still hold. Collapsing the three-layer chain `dichotomyD2_eval` / `_getD_eval` / `_elem_eval` (Refinements.lean:517, 523, 532) needs a pass that is allowed to retire the aliases and their rename rows together.
SINGLE-USE-TAIL	Kolmogorov.grayChargedBlockTailStepV2_time	Hypothesis-free: the 8 explicit binders are just the arguments of the function it describes, `grayChargedBlockTailStepV2 q L a e sigma A st m`, so no caller context is hoisted. It states the clock law .time = st.time + 1 and proves it by the 4-way split over every branch of the step (SpendReplay.lean:153-162); the caller needs it as a standing fact before `generalize ... = next at hphase htime` (200-204) erases the step term.
SINGLE-USE-TAIL	Kolmogorov.grayChargedStep_spend_success_history	Docstring "A spend round that meets its goal closes with an empty history": a reduction lemma for `grayChargedStep` over all of the step's own arguments (q L a e sigma A pass st m), the only extra binders hslots/hgoal being the two branch conditions; the body is a `split` on the definition. It is the history half of the pair `GrayChargedCoreCertified.toTraceAt_of_reset` (Part01/Certification.lean:382) consumes, and the same pair exists for `grayChargedStartSpend` (Certification.lean:420,429), used at Part02.lean:77,84.
SINGLE-USE-TAIL	Kolmogorov.grayChargedTailStep_done_getLast	Every explicit binder is an argument of the definition the statement is about -- `grayChargedTailStep (q L a e) sigma A st sm` at GacsDayChargedTailController.lean:31-33 -- and `hactive`, `hslots`, `hdone` are its branch guards, so the binder count is the controller's own signature, not hoisted context. The fact (a finished advantage phase freezes its last round at `st.time`) is stated for an arbitrary state and server move in the module owning the controller's properties; the consumer at Certification.lean:34 never case-splits on `grayChargedTailGoalAtB`.
SINGLE-USE-TAIL	Kolmogorov.hereditary_intersection_step_budget	Pure-Nat statement, no Map/Finset: the two-stage overhead `pPlain + 2*(bits aComp).length + c + (dChain + 2*(bits a1Comp).length + c')` is at most `b^13 * hereditaryUnit delta eps n`. It is a link of the module's b-power chain, not a slice: its `dChain <= b^7*U` hypothesis is verbatim the conclusion of `hereditary_chain_cost_budget` (Budget.lean:742) and its `b^13*U` conclusion is verbatim the `hdeltaOrig` hypothesis of `hereditary_gap_step_budget` (:792), chained at Steps.lean:226,230.
SINGLE-USE-TAIL	Kolmogorov.isMartinLofRandomReal_of_modulus_bound	Cited: the docstring is "SUV Theorem 114 (p. 170), the Levin-Schnorr step" and the header of ModulusRandom.lean quotes that page; this is the module export. It is not the caller's tail either - BusyBeavers.lean must first shift into (0,1] (set q := ceil alpha - 1, set b := partialSums r - q, lines 511-523) because h0 and h1 fail for its own alpha, and hbcomp, hbmono, hble, hblim are all proved about the shifted data (524-552).
SINGLE-USE-TAIL	Kolmogorov.m_P_eps_le_standardBlock_complexity_of_plainK_le_k_P	Public theorem in free variables P, kp, epsilon, c, c', i, r, m, x, named in its own module docstring (LemmaOmpTight.lean:18-19) as one of the module's two exports; it is the exact-radius member of a documented pair with `m_P_eps_three_radius_le_standardBlock_complexity` (ProfileOmpRadius.lean:102), which proves the same standard-block corner at the widened radius `3*epsilon`. It joins the 12-strong `m_P_eps_*` family (ProfileCardinality.lean:238,296,315,327,580).
SINGLE-USE-TAIL	Kolmogorov.mem_budgetedChargedHeavyGainDecoder	Same decoder interface as its two siblings: the computability half is `budgetedChargedHeavyGainDecoder_partrec` (BudgetedChargedHeavyGain.lean:167) in the same `section DecoderPartrec`, and the binders noiseLen, baseBudget, m, r, q are exactly the fields of `def budgetedChargedHeavyGainProgram` (line 16). Its content is that the decoder's `Nat.rfind` least stage agrees with ANY stage `t` at which the rank is already enumerated, via `budgetedChargedHeavyAppearanceCodes_prefix_of_le`. Sole site line 379.
SINGLE-USE-TAIL	Kolmogorov.mem_chargedHeavyGainDecoder	Public, documented decoder correctness, paired with `chargedHeavyGainDecoder_partrec` (ChargedHeavyGain.lean:222) inside `section GainDecoderPartrec`: the two together are the interface of `chargedHeavyGainDecoder` (:203), and the binders noiseLen, threshold, i, j, m, r, q are exactly the fields of `def chargedHeavyGainProgram` (line 26), not caller context. The content is that the decoder's least rfind stage agrees with any stage `t` that already lists the rank. Size is not the blocker here: the parent `chargedHeavyNoiseCandidatesRaw_card_lower_of_information_gain` is 119 lines (354-472) and this proof body 27 lines (286-312), so folding it into the sole site (line 430) would leave about 142 lines; it is kept because deleting it would remove a public name and break the pair.
SINGLE-USE-TAIL	Kolmogorov.mem_noiseGainDecoder	This is the correctness half of a decoder interface, not a proof slice: `noiseGainDecoder` is built in this file and `noiseGainDecoder_partrec` (AddNoiseGain.lean:179) is the computability half, both public and inside `section GainPartrec`. The binders l, i, j, m, r, q are exactly the fields of `def noiseGainProgram` (AddNoiseGain.lean:59), and the real content is stage-independence: the lemma holds at ANY stage `t` where the rank is enumerated, while the decoder rfinds the least one, reconciled by `getD_eq_of_prefix`. Sole site AddNoiseGain.lean:357.
SINGLE-USE-TAIL	Kolmogorov.mem_noiseRankDecoder_of_rank	The correctness half of the rank-decoder interface whose computability half is `noiseRankDecoder_partrec` (AddNoiseRank.lean:127); both are public. Its binders l, i, j, k, r are the fields of `def noiseRankProgram` (AddNoiseRank.lean:25) and `k` is entirely unconstrained here, so the lemma is strictly more general than the caller's use. Its content is stage-independence: it holds for ANY stage `t` listing the rank, while the decoder rfinds the least, reconciled by `getD_eq_of_prefix` (line 102) and `noiseCandidateTruncationAppearanceCodes_prefix_of_le` (line 92). Sole site line 241.
SINGLE-USE-TAIL	Kolmogorov.mem_solovayMap_of_snapshot	Says the padded program v ++ u is a solovayMap description of x - the crux of the Solovay inequality, free in v, u, x, kn, n, k, T_max. It cannot be inlined: the caller solovay_plain_le_prefix_sub_prefix_prefix spans SolovayInverse.lean:199-321 = 123 lines and this body is 93-195 = 103 lines, so the merged declaration would be about 226 lines against the 150-line limit of scripts/long_proofs.py.
SINGLE-USE-TAIL	Kolmogorov.omega_count_budget_le	Stated in free variables for arbitrary V, U, c, constants, budget `m` and arbitrary strings `S_code`, `payload`: if `Nat.bits (omegaCount c m)` is an output of `descriptionTailOmegaSelector c (pairCode S_code payload)` and the two components have the stated prefix complexities, then `m` is below their sum plus C_len+C_pair+C_map+C_omega; it also performs the ENat-to-Nat transfer. Inlining is blocked by size: the parent `tail_characterization_forward` is now 140 lines (Uniform.lean:129-268, after payload_bits_length_le was folded into it), and replacing the two-line call term at :261-262 by this proof's 20-line body (:71-90) gives about 158 lines, past the 150-line limit of scripts/long_proofs.py (CONTRIBUTING.md:125). Sole site Uniform.lean:259.
SINGLE-USE-TAIL	Kolmogorov.profileCurve_diag_le	In free variables: on the positive region of any `ProfileCurve` the diagonal j |-> j + h j is non-increasing, i.e. i <= j and 0 < h j give j + h j <= i + h i. It is proved by induction on `i <= j` from the structure fields `antitone` (Part01.lean:116) and `slope` (Part01.lean:117-119, 'slope at least -1'), not from caller context; the binders U c n kx m are only the indices of `ProfileCurve U c n kx m h`. Sole use: Part01.lean:864 in bucket2_bound_of_curve.
SINGLE-USE-TAIL	Kolmogorov.restrictedEffectiveSampledRun_step_contract	the `have h_contract` at Part03.lean:528 is text-identical because the conclusion is a named predicate from another file (CoupledRun.lean:67), not a bespoke goal. next is not produced here: the caller first obtains it from restrictedEffectiveSampledRun_step_decodes_splice (:520-527), and this lemma then characterises any such decoding - the split its docstring motivates at Part02.lean:858-860, contract without claiming equality to the arbitrary Classical.choose witness.
SINGLE-USE-TAIL	Kolmogorov.solovayCheck_max_isSome	One of the two exported facts about `solovayCheck` in the module that defines it (Inequality.lean:282), the other being solovayCond_lt_length (420); both are consumed from the downstream SolovayInverse.lean (95, 183). Free in cU, c64, v, u, T_max, kn, n, k, and none of the 5 hypotheses is trivial: at SolovayInverse.lean:286-287 they are instantiated by hv_eval_max (243), hle (278), hu_len (282), hu_nat (283), hk_lt_len (260).
SINGLE-USE-TAIL	Kolmogorov.suffixCoordinate_overhead_lt_logSlack	The statement is pure slack arithmetic in free naturals: `2|bits p_len| + 2|bits m| + 2 + Clen + Cmap + COmega < logSlack C m` whenever `Clen+Cmap+COmega+5 <= C` and `p_len <= q < m`; no Map, Code or complexity occurs in it, only `Nat.bits` and `logSlack`. It cannot be inlined: the parent `suffixCoordinate_lower_of_model_code` is already 133 lines (Part03.lean:110-242) and this proof is 20 lines, so the merged proof is 153, over the 150-line limit of CONTRIBUTING.md:125. Sole site Part03.lean:185.
THEOREM-HYP	Kolmogorov.allocationAvoidsUnavailable_truncAlloc_chain_of_le	The statement is about a chain of N rounds, each with its own scale pair (epsD i, deltaD i), stage sets (S i, U i) and gray list A i, so quantification over i < N is intrinsic. Its docstring says it is `allocationAvoidsUnavailable_truncAlloc_chain` (GacsDayEndgameController.lean:178) with one epsilon per round instead of a common one; that sibling already carries hA and hdisj in the same `forall j < N` shape, and the generalisation is exactly what adds heps and hle. The consumer (GacsDayRoundCounting.lean:396) forwards its own per-round heps/hle/hG unchanged.
THEOREM-HYP	Kolmogorov.arslanov_claimB	`Φ` is obtained from `exists_string_operator hrec` (ArslanovCompleteness.lean:802), `mem` from `exists_re_approx hA` (803) and `cΦ` from `Code.exists_code` (809), so `hΦm` (prefix monotonicity of an arbitrary oracle operator), `hrun_sound` (the code `cΦ` runs it) and `hmemMono` (monotone enumeration of `A`) can only be hypotheses. The lemma is 91 lines (669-759); folded into `arslanov_completeness` (794, 120 lines) it would give a ~210-line declaration, over the repo's 150-line limit.
THEOREM-HYP	Kolmogorov.condK_takeOmega_le_logSlack	The four hypotheses are existential witnesses, not hoisted context: the consumer obtains each from a separate named theorem -- `prop_omega_equivalence`, `condK_take_le`, `condK_trans_nat`, `omegaFixedCode_close_logSlack` (Part01.lean:943-946) -- and their constants Ceq/Ctake/Ctrans/Cclose appear in the conclusion's slack, so the statement cannot be made without them. Inlining is blocked too: 128 lines (805-932) plus the 33-line caller (934-966) is 161, over the 150-line limit of CONTRIBUTING.md:125.
THEOREM-HYP	Kolmogorov.enumeratorRun_finite_le_iff_lowerGraph	Same arbitrary-machine interface: A is the section variable at RobustMachineConverse.lean:289 and the trio is its soundness, stage-monotonicity and completeness for streamLowerGraph f, as the docstring at 503-505 says. The theorem is the semantic characterisation applied at line 555 to the A extracted from `hf.2.exists_stageApprox` (545); the same hypotheses recur at 293, 316, 347, 393, 432.
THEOREM-HYP	Kolmogorov.enumeratorStep_exists_length_ge	A is a section variable (RobustMachineConverse.lean:289) and these three are its axioms as an arbitrary stage predicate - sound, stage-monotone, complete for streamLowerGraph f - shared across the section: hAsound is also a hypothesis of the declarations at 293, 316, 347, 393. The one consumer gets A from `hf.2.exists_stageApprox` and derives hAsound and hAcomplete from its iff (545-549), so there is no library theorem to apply instead.
THEOREM-HYP	Kolmogorov.exists_string_operator_prec_correct	The four binders are the unpacked induction hypothesis of the `Nat.Partrec` structural induction in `exists_string_operator` (ArslanovCompleteness.lean:189, 108 lines): in its `| @prec f₁ f₂ hf hh ih1 ih2` branch, `obtain ⟨Φ₁, hp₁, hm₁, hc₁⟩ := ih1` (lines 269-270) yields exactly `hm₁` (prefix monotonicity) and `hc₁` (computes `f₁` off a finite prefix of `α₀`), as the docstring states. `Φ₁`, `Φ₂` are existentially given, so quantified hypotheses are the only available form.
THEOREM-HYP	Kolmogorov.gacsDayGameStatement_of_singleCall	`GacsDayGameStatement` is itself `exists C sigma, Computable2 sigma and forall d >= 1, IsUniformWinningStrategy (C*d) ... (sigma d)` (GacsDayGame.lean:311-313), so a hypothesis about the family `ctrl : Nat -> ClientFamilyStrategy` can only be a per-precision `forall d, 1 <= d -> ...`. The seven are the side conditions of the static lift `isUniformWinningStrategy_of_familyController` read at index d; the caller (GacsDayPinnedEndgame.lean:204-222) discharges them with seven distinct lemmas, e.g. pinnedEndgame_height_le, singleCall_budget, familyClientWinsUnserved_of_charged_window.
THEOREM-HYP	Kolmogorov.hammingGap_profile_inclusion	Each is the body of an existential the caller destructs, whose constant the lemma also takes: hc_cube from inDescriptionProfileIn_fullCube_of_optimal (DescriptionProfileGap.lean:565), hc_shift from inDescriptionProfileIn_cover_shift (566), hc_sing from singletonSetComplexityGate (567), hc_index from KP_le_log_card_given_setCode (569). Those constants feed hc_cube_le, hc_sing_le, hc_shift_le and c0 (582-586), and the trio is passed on to the sibling lemmas at 533 and 546.
THEOREM-HYP	Kolmogorov.not_forall_gray_of_progress	An N-round counting argument over the families epsDepth, deltaDepth, size, time, A, cm, sm : Nat -> ..., so hchain/hprog/hgray are per-round (j < N) side conditions, not free-standing theorems. It is the uniform-progress form of `not_forall_gray_of_dangerous_level` (same file, line 202), which carries the identical hchain and gray hypotheses; only the summed level is traded for `3/(4d) <= N*g`. Consumed at GacsDayRoundCounting.lean:529, where hgray is built from the per-round dichotomy hdich. Docstring cites SUV p. 144.
THEOREM-HYP	Kolmogorov.solovay_kp_diff_upper_bound	Not applicable library theorems but the bodies of existentials the caller destructs, each naming a constant the lemma must take too: `obtain <c_self, hc_self> := KPPair_self_complexity_le U hU` (Core.lean:371), `<c_chain, hc_chain> := KPPair_chain_lower U hU` (377), `<M_Kx, hM_Kx> := exists_bits_linear_domination 1 2 c_two` (379); those constants feed hC_bound_sum and hC_bound_M, as the docstring at 226-228 states.
WRAPPER	Kolmogorov.gacsDay_game	Public frozen endpoint of SUV Theorem 88, named as Theorem 88 in GacsDayTheorems.lean's module docstring forbids deleting, renaming or weakening it, and scripts/smoke/GacsDayPublicGoals.lean:11 checks it by name. Being a one-line re-export of the current route `gacsDayGameStatement_of_canonicalPinned` is the point: the route may change, the endpoint may not.
WRAPPER	Kolmogorov.problem_170_exists_singleton_effectiveHausdorffDim_eq	`Dimension/Exercises.lean` is the module of the book-numbered required problems of SUV 5.8-5.9 (module docstring, lines 16-21: Problems 169, 170, 174, 176, 185, 187) and renders the source hypothesis as `α ∈ Set.Icc 0 1`, whereas the construction lemma in `Dimension/DilutionReal.lean:451` takes `0 <= α` and `α <= 1` separately. The two-layer split and this exact body are recorded in the Chapter 5 design note ("Problem 170 CLOSED").
RFL-BINDER	Kolmogorov.localStrategy_winning_sharp	Blueprint COR-GAME-SHARP is stated for every level j <= R (frozen statement of the T3/T3c skeleton, base 1aadf6c); the only current caller, fixedSchedule_wins, instantiates the top level j = R, so the binder hj is discharged by le_rfl there, but the general form is the book statement.
