module	import	reason
KolmogorovMathlib.Complexity.InfiniteSequences.PrefixComplexity	KolmogorovMathlib.Complexity.SelfComplexity.TokenGame	only direct import that reaches KolmogorovMathlib.Complexity.PairComplexity.Basic, which defines Kolmogorov.seqPrefix, the central notion of this module
KolmogorovMathlib.Complexity.InfiniteSequences.PrefixComplexity	KolmogorovMathlib.Foundation.EnumerationComplexity	defines the namespace Kolmogorov.StagedEnumeration that the module header opens, and supplies declarations used in its proofs
KolmogorovMathlib.Complexity.InfiniteSequences.PrefixComplexity	KolmogorovMathlib.AlgorithmicStatistics.NormalizedCodedFiniteDistribution	supplies the Kolmogorov.CodedFiniteDistribution material opened by the module header
KolmogorovMathlib.Complexity.InfiniteSequences.PrefixComplexity	KolmogorovMathlib.AlgorithmicRandomness.NatLogPrimrec	supplies declarations that occur only in elaborated proof terms, with no identifier visible in the source text
KolmogorovMathlib.Complexity.InfiniteSequences.PrefixComplexity	KolmogorovMathlib.AlgorithmicStatistics.TwoPart.ModelsToSets2	supplies declarations that occur only in elaborated proof terms, with no identifier visible in the source text
KolmogorovMathlib.Complexity.InfiniteSequences.PrefixComplexity	Mathlib.Analysis.SpecialFunctions.Log.Base	Mathlib import; outside the scope of this pilot, and its simp lemmas, instances and norm_num extensions are not settled by a declaration scan
KolmogorovMathlib.Complexity.InfiniteSequences.PrefixComplexity	Mathlib.Algebra.BigOperators.Group.Finset.Basic	Mathlib import; outside the scope of this pilot, and its simp lemmas, instances and norm_num extensions are not settled by a declaration scan
KolmogorovMathlib.Complexity.InfiniteSequences.PrefixComplexity	Mathlib.Algebra.BigOperators.Field	Mathlib import; outside the scope of this pilot, and its simp lemmas, instances and norm_num extensions are not settled by a declaration scan
KolmogorovMathlib.Complexity.InfiniteSequences.PrefixComplexity	Mathlib.Data.ENNReal.Inv	Mathlib import; outside the scope of this pilot, and its simp lemmas, instances and norm_num extensions are not settled by a declaration scan
KolmogorovMathlib.Complexity.InfiniteSequences.MonotoneGap	KolmogorovMathlib.Complexity.InfiniteSequences.PrefixComplexity	sibling of the same file split and the base this module is developed against; it stays direct even though the module currently names none of its declarations
KolmogorovMathlib.Complexity.InfiniteSequences.MonotoneGap	KolmogorovMathlib.Foundation.EnumerationComplexity	defines the namespace Kolmogorov.StagedEnumeration that the module header opens, and supplies declarations used in its proofs
KolmogorovMathlib.Complexity.InfiniteSequences.MonotoneGap	KolmogorovMathlib.AlgorithmicStatistics.NormalizedCodedFiniteDistribution	supplies the Kolmogorov.CodedFiniteDistribution material opened by the module header
KolmogorovMathlib.Complexity.InfiniteSequences.MonotoneGap	Mathlib.Analysis.SpecialFunctions.Log.Base	Mathlib import; outside the scope of this pilot, and its simp lemmas, instances and norm_num extensions are not settled by a declaration scan
KolmogorovMathlib.Complexity.InfiniteSequences.MonotoneGap	Mathlib.Algebra.BigOperators.Group.Finset.Basic	Mathlib import; outside the scope of this pilot, and its simp lemmas, instances and norm_num extensions are not settled by a declaration scan
KolmogorovMathlib.Complexity.InfiniteSequences.MonotoneGap	Mathlib.Algebra.BigOperators.Field	Mathlib import; outside the scope of this pilot, and its simp lemmas, instances and norm_num extensions are not settled by a declaration scan
KolmogorovMathlib.Complexity.InfiniteSequences.MonotoneGap	Mathlib.Data.ENNReal.Inv	Mathlib import; outside the scope of this pilot, and its simp lemmas, instances and norm_num extensions are not settled by a declaration scan
KolmogorovMathlib.Complexity.InfiniteSequences.MonotoneComparison	KolmogorovMathlib.Complexity.InfiniteSequences.MonotoneGap	sibling of the same file split; supplies the gap constructions this module compares against
KolmogorovMathlib.Complexity.InfiniteSequences.MonotoneComparison	KolmogorovMathlib.Foundation.EnumerationComplexity	defines the namespace Kolmogorov.StagedEnumeration that the module header opens, and supplies declarations used in its proofs
KolmogorovMathlib.Complexity.InfiniteSequences.MonotoneComparison	KolmogorovMathlib.AlgorithmicStatistics.NormalizedCodedFiniteDistribution	supplies the Kolmogorov.CodedFiniteDistribution material opened by the module header
KolmogorovMathlib.Complexity.InfiniteSequences.MonotoneComparison	KolmogorovMathlib.Foundation.NatEncoding	supplies declarations that occur only in elaborated proof terms, with no identifier visible in the source text
KolmogorovMathlib.Complexity.InfiniteSequences.MonotoneComparison	Mathlib.Analysis.SpecialFunctions.Log.Base	Mathlib import; outside the scope of this pilot, and its simp lemmas, instances and norm_num extensions are not settled by a declaration scan
KolmogorovMathlib.Complexity.InfiniteSequences.MonotoneComparison	Mathlib.Algebra.BigOperators.Group.Finset.Basic	Mathlib import; outside the scope of this pilot, and its simp lemmas, instances and norm_num extensions are not settled by a declaration scan
KolmogorovMathlib.Complexity.InfiniteSequences.MonotoneComparison	Mathlib.Algebra.BigOperators.Field	Mathlib import; outside the scope of this pilot, and its simp lemmas, instances and norm_num extensions are not settled by a declaration scan
KolmogorovMathlib.Complexity.InfiniteSequences.MonotoneComparison	Mathlib.Data.ENNReal.Inv	Mathlib import; outside the scope of this pilot, and its simp lemmas, instances and norm_num extensions are not settled by a declaration scan
