module	removed_import	verification
KolmogorovMathlib.AlgorithmicProbability.CompatibleGraphs.APrioriMarginals	KolmogorovMathlib.Interface.ComputableReals	exact duplicate; strict direct checks for 32 modules, 79-module affected build, and full audit
KolmogorovMathlib.AlgorithmicProbability.CompatibleGraphs.APrioriMarginals	KolmogorovMathlib.Prefix.TotalCountingBound	exact duplicate; strict direct checks for 32 modules, 79-module affected build, and full audit
KolmogorovMathlib.AlgorithmicProbability.CompatibleGraphs.Basic	KolmogorovMathlib.Interface.ComputableReals	exact duplicate; strict direct checks for 32 modules, 79-module affected build, and full audit
KolmogorovMathlib.AlgorithmicProbability.CompatibleGraphs.Basic	KolmogorovMathlib.Prefix.TotalCountingBound	exact duplicate; strict direct checks for 32 modules, 79-module affected build, and full audit
KolmogorovMathlib.AlgorithmicProbability.HaltingProbabilityApproximation	KolmogorovMathlib.Interface.ComputableReals	exact duplicate; strict direct checks for 32 modules, 79-module affected build, and full audit
KolmogorovMathlib.AlgorithmicProbability.HaltingProbabilityApproximation	KolmogorovMathlib.Prefix.TotalCountingBound	exact duplicate; strict direct checks for 32 modules, 79-module affected build, and full audit
KolmogorovMathlib.AlgorithmicProbability.KraftChaitinApplications.Part01	KolmogorovMathlib.Interface.ComputableReals	exact duplicate; strict direct checks for 32 modules, 79-module affected build, and full audit
KolmogorovMathlib.AlgorithmicProbability.KraftChaitinApplications.Part01	KolmogorovMathlib.Prefix.TotalCountingBound	exact duplicate; strict direct checks for 32 modules, 79-module affected build, and full audit
KolmogorovMathlib.Complexity.ConditionalComplexity.AverageBounds.Expectation	KolmogorovMathlib.CommonInformation.ConditionalIndependence	exact duplicate; strict direct checks for 32 modules, 79-module affected build, and full audit
KolmogorovMathlib.Complexity.ConditionalComplexity.AverageBounds.Expectation	KolmogorovMathlib.Complexity.Properties	exact duplicate; strict direct checks for 32 modules, 79-module affected build, and full audit
KolmogorovMathlib.Complexity.ConditionalComplexity.AverageBounds.Expectation	KolmogorovMathlib.AlgorithmicProbability.PairProjection	exact duplicate; strict direct checks for 32 modules, 79-module affected build, and full audit
KolmogorovMathlib.Complexity.ConditionalComplexity.AverageBounds.Expectation	KolmogorovMathlib.Prefix.TwoStage	exact duplicate; strict direct checks for 32 modules, 79-module affected build, and full audit
KolmogorovMathlib.Complexity.ConditionalComplexity.AverageBounds.Expectation	KolmogorovMathlib.CommonInformation.ConditionalCounting	exact duplicate; strict direct checks for 32 modules, 79-module affected build, and full audit
KolmogorovMathlib.Complexity.ConditionalComplexity.AverageBounds.Expectation	KolmogorovMathlib.AlgorithmicStatistics.NormalizedCodedFiniteDistribution	exact duplicate; strict direct checks for 32 modules, 79-module affected build, and full audit
KolmogorovMathlib.Complexity.ConditionalComplexity.AverageBounds.Tail	KolmogorovMathlib.CommonInformation.ConditionalIndependence	exact duplicate; strict direct checks for 32 modules, 79-module affected build, and full audit
KolmogorovMathlib.Complexity.ConditionalComplexity.AverageBounds.Tail	KolmogorovMathlib.Complexity.Properties	exact duplicate; strict direct checks for 32 modules, 79-module affected build, and full audit
KolmogorovMathlib.Complexity.ConditionalComplexity.AverageBounds.Tail	KolmogorovMathlib.AlgorithmicProbability.PairProjection	exact duplicate; strict direct checks for 32 modules, 79-module affected build, and full audit
KolmogorovMathlib.Complexity.ConditionalComplexity.AverageBounds.Tail	KolmogorovMathlib.Prefix.TwoStage	exact duplicate; strict direct checks for 32 modules, 79-module affected build, and full audit
KolmogorovMathlib.Complexity.ConditionalComplexity.AverageBounds.Tail	KolmogorovMathlib.CommonInformation.ConditionalCounting	exact duplicate; strict direct checks for 32 modules, 79-module affected build, and full audit
KolmogorovMathlib.Complexity.ConditionalComplexity.AverageBounds.Tail	KolmogorovMathlib.AlgorithmicStatistics.NormalizedCodedFiniteDistribution	exact duplicate; strict direct checks for 32 modules, 79-module affected build, and full audit
KolmogorovMathlib.Complexity.ConditionalComplexity.Continuity	KolmogorovMathlib.CommonInformation.ConditionalIndependence	exact duplicate; strict direct checks for 32 modules, 79-module affected build, and full audit
KolmogorovMathlib.Complexity.ConditionalComplexity.Continuity	KolmogorovMathlib.Complexity.Properties	exact duplicate; strict direct checks for 32 modules, 79-module affected build, and full audit
KolmogorovMathlib.Complexity.ConditionalComplexity.Continuity	KolmogorovMathlib.AlgorithmicProbability.PairProjection	exact duplicate; strict direct checks for 32 modules, 79-module affected build, and full audit
KolmogorovMathlib.Complexity.ConditionalComplexity.Continuity	KolmogorovMathlib.Prefix.TwoStage	exact duplicate; strict direct checks for 32 modules, 79-module affected build, and full audit
KolmogorovMathlib.Complexity.ConditionalComplexity.Continuity	KolmogorovMathlib.CommonInformation.ConditionalCounting	exact duplicate; strict direct checks for 32 modules, 79-module affected build, and full audit
KolmogorovMathlib.Complexity.ConditionalComplexity.Continuity	KolmogorovMathlib.AlgorithmicStatistics.NormalizedCodedFiniteDistribution	exact duplicate; strict direct checks for 32 modules, 79-module affected build, and full audit
KolmogorovMathlib.Complexity.IncompressibleStrings.Deficiency	KolmogorovMathlib.CommonInformation.ConditionalIndependence	exact duplicate; strict direct checks for 32 modules, 79-module affected build, and full audit
KolmogorovMathlib.Complexity.IncompressibleStrings.Deficiency	KolmogorovMathlib.Complexity.Properties	exact duplicate; strict direct checks for 32 modules, 79-module affected build, and full audit
KolmogorovMathlib.Complexity.IncompressibleStrings.Deficiency	KolmogorovMathlib.AlgorithmicProbability.PairProjection	exact duplicate; strict direct checks for 32 modules, 79-module affected build, and full audit
KolmogorovMathlib.Complexity.IncompressibleStrings.Deficiency	KolmogorovMathlib.Prefix.TwoStage	exact duplicate; strict direct checks for 32 modules, 79-module affected build, and full audit
KolmogorovMathlib.Complexity.IncompressibleStrings.Deficiency	KolmogorovMathlib.CommonInformation.ConditionalCounting	exact duplicate; strict direct checks for 32 modules, 79-module affected build, and full audit
KolmogorovMathlib.Complexity.IncompressibleStrings.Deficiency	KolmogorovMathlib.AlgorithmicStatistics.NormalizedCodedFiniteDistribution	exact duplicate; strict direct checks for 32 modules, 79-module affected build, and full audit
KolmogorovMathlib.Complexity.IncompressibleStrings.SplitDecompressors	KolmogorovMathlib.CommonInformation.ConditionalIndependence	exact duplicate; strict direct checks for 32 modules, 79-module affected build, and full audit
KolmogorovMathlib.Complexity.IncompressibleStrings.SplitDecompressors	KolmogorovMathlib.Complexity.Properties	exact duplicate; strict direct checks for 32 modules, 79-module affected build, and full audit
KolmogorovMathlib.Complexity.IncompressibleStrings.SplitDecompressors	KolmogorovMathlib.AlgorithmicProbability.PairProjection	exact duplicate; strict direct checks for 32 modules, 79-module affected build, and full audit
KolmogorovMathlib.Complexity.IncompressibleStrings.SplitDecompressors	KolmogorovMathlib.Prefix.TwoStage	exact duplicate; strict direct checks for 32 modules, 79-module affected build, and full audit
KolmogorovMathlib.Complexity.IncompressibleStrings.SplitDecompressors	KolmogorovMathlib.CommonInformation.ConditionalCounting	exact duplicate; strict direct checks for 32 modules, 79-module affected build, and full audit
KolmogorovMathlib.Complexity.IncompressibleStrings.SplitDecompressors	KolmogorovMathlib.AlgorithmicStatistics.NormalizedCodedFiniteDistribution	exact duplicate; strict direct checks for 32 modules, 79-module affected build, and full audit
KolmogorovMathlib.Complexity.InfiniteSequences.MonotoneComparison	KolmogorovMathlib.CommonInformation.ConditionalIndependence	exact duplicate; strict direct checks for 32 modules, 79-module affected build, and full audit
KolmogorovMathlib.Complexity.InfiniteSequences.MonotoneComparison	KolmogorovMathlib.Complexity.Properties	exact duplicate; strict direct checks for 32 modules, 79-module affected build, and full audit
KolmogorovMathlib.Complexity.InfiniteSequences.MonotoneComparison	KolmogorovMathlib.AlgorithmicProbability.PairProjection	exact duplicate; strict direct checks for 32 modules, 79-module affected build, and full audit
KolmogorovMathlib.Complexity.InfiniteSequences.MonotoneComparison	KolmogorovMathlib.Prefix.TwoStage	exact duplicate; strict direct checks for 32 modules, 79-module affected build, and full audit
KolmogorovMathlib.Complexity.InfiniteSequences.MonotoneComparison	KolmogorovMathlib.CommonInformation.ConditionalCounting	exact duplicate; strict direct checks for 32 modules, 79-module affected build, and full audit
KolmogorovMathlib.Complexity.InfiniteSequences.MonotoneComparison	KolmogorovMathlib.AlgorithmicStatistics.NormalizedCodedFiniteDistribution	exact duplicate; strict direct checks for 32 modules, 79-module affected build, and full audit
KolmogorovMathlib.Complexity.InfiniteSequences.MonotoneGap	KolmogorovMathlib.CommonInformation.ConditionalIndependence	exact duplicate; strict direct checks for 32 modules, 79-module affected build, and full audit
KolmogorovMathlib.Complexity.InfiniteSequences.MonotoneGap	KolmogorovMathlib.Complexity.Properties	exact duplicate; strict direct checks for 32 modules, 79-module affected build, and full audit
KolmogorovMathlib.Complexity.InfiniteSequences.MonotoneGap	KolmogorovMathlib.AlgorithmicProbability.PairProjection	exact duplicate; strict direct checks for 32 modules, 79-module affected build, and full audit
KolmogorovMathlib.Complexity.InfiniteSequences.MonotoneGap	KolmogorovMathlib.Prefix.TwoStage	exact duplicate; strict direct checks for 32 modules, 79-module affected build, and full audit
KolmogorovMathlib.Complexity.InfiniteSequences.MonotoneGap	KolmogorovMathlib.CommonInformation.ConditionalCounting	exact duplicate; strict direct checks for 32 modules, 79-module affected build, and full audit
KolmogorovMathlib.Complexity.InfiniteSequences.MonotoneGap	KolmogorovMathlib.AlgorithmicStatistics.NormalizedCodedFiniteDistribution	exact duplicate; strict direct checks for 32 modules, 79-module affected build, and full audit
KolmogorovMathlib.Complexity.InfiniteSequences.PrefixComplexity	KolmogorovMathlib.CommonInformation.ConditionalIndependence	exact duplicate; strict direct checks for 32 modules, 79-module affected build, and full audit
KolmogorovMathlib.Complexity.InfiniteSequences.PrefixComplexity	KolmogorovMathlib.Complexity.Properties	exact duplicate; strict direct checks for 32 modules, 79-module affected build, and full audit
KolmogorovMathlib.Complexity.InfiniteSequences.PrefixComplexity	KolmogorovMathlib.AlgorithmicProbability.PairProjection	exact duplicate; strict direct checks for 32 modules, 79-module affected build, and full audit
KolmogorovMathlib.Complexity.InfiniteSequences.PrefixComplexity	KolmogorovMathlib.Prefix.TwoStage	exact duplicate; strict direct checks for 32 modules, 79-module affected build, and full audit
KolmogorovMathlib.Complexity.InfiniteSequences.PrefixComplexity	KolmogorovMathlib.CommonInformation.ConditionalCounting	exact duplicate; strict direct checks for 32 modules, 79-module affected build, and full audit
KolmogorovMathlib.Complexity.InfiniteSequences.PrefixComplexity	KolmogorovMathlib.AlgorithmicStatistics.NormalizedCodedFiniteDistribution	exact duplicate; strict direct checks for 32 modules, 79-module affected build, and full audit
KolmogorovMathlib.Complexity.Information.ConservationBounds	KolmogorovMathlib.CommonInformation.ConditionalIndependence	exact duplicate; strict direct checks for 32 modules, 79-module affected build, and full audit
KolmogorovMathlib.Complexity.Information.ConservationBounds	KolmogorovMathlib.Complexity.Properties	exact duplicate; strict direct checks for 32 modules, 79-module affected build, and full audit
KolmogorovMathlib.Complexity.Information.ConservationBounds	KolmogorovMathlib.AlgorithmicProbability.PairProjection	exact duplicate; strict direct checks for 32 modules, 79-module affected build, and full audit
KolmogorovMathlib.Complexity.Information.ConservationBounds	KolmogorovMathlib.Prefix.TwoStage	exact duplicate; strict direct checks for 32 modules, 79-module affected build, and full audit
KolmogorovMathlib.Complexity.Information.ConservationBounds	KolmogorovMathlib.CommonInformation.ConditionalCounting	exact duplicate; strict direct checks for 32 modules, 79-module affected build, and full audit
KolmogorovMathlib.Complexity.Information.ConservationBounds	KolmogorovMathlib.AlgorithmicStatistics.NormalizedCodedFiniteDistribution	exact duplicate; strict direct checks for 32 modules, 79-module affected build, and full audit
KolmogorovMathlib.Complexity.Information.MutualInformation	KolmogorovMathlib.CommonInformation.ConditionalIndependence	exact duplicate; strict direct checks for 32 modules, 79-module affected build, and full audit
KolmogorovMathlib.Complexity.Information.MutualInformation	KolmogorovMathlib.Complexity.Properties	exact duplicate; strict direct checks for 32 modules, 79-module affected build, and full audit
KolmogorovMathlib.Complexity.Information.MutualInformation	KolmogorovMathlib.AlgorithmicProbability.PairProjection	exact duplicate; strict direct checks for 32 modules, 79-module affected build, and full audit
KolmogorovMathlib.Complexity.Information.MutualInformation	KolmogorovMathlib.Prefix.TwoStage	exact duplicate; strict direct checks for 32 modules, 79-module affected build, and full audit
KolmogorovMathlib.Complexity.Information.MutualInformation	KolmogorovMathlib.CommonInformation.ConditionalCounting	exact duplicate; strict direct checks for 32 modules, 79-module affected build, and full audit
KolmogorovMathlib.Complexity.Information.MutualInformation	KolmogorovMathlib.AlgorithmicStatistics.NormalizedCodedFiniteDistribution	exact duplicate; strict direct checks for 32 modules, 79-module affected build, and full audit
KolmogorovMathlib.Complexity.Information.RandomConservation	KolmogorovMathlib.CommonInformation.ConditionalIndependence	exact duplicate; strict direct checks for 32 modules, 79-module affected build, and full audit
KolmogorovMathlib.Complexity.Information.RandomConservation	KolmogorovMathlib.Complexity.Properties	exact duplicate; strict direct checks for 32 modules, 79-module affected build, and full audit
KolmogorovMathlib.Complexity.Information.RandomConservation	KolmogorovMathlib.AlgorithmicProbability.PairProjection	exact duplicate; strict direct checks for 32 modules, 79-module affected build, and full audit
KolmogorovMathlib.Complexity.Information.RandomConservation	KolmogorovMathlib.Prefix.TwoStage	exact duplicate; strict direct checks for 32 modules, 79-module affected build, and full audit
KolmogorovMathlib.Complexity.Information.RandomConservation	KolmogorovMathlib.CommonInformation.ConditionalCounting	exact duplicate; strict direct checks for 32 modules, 79-module affected build, and full audit
KolmogorovMathlib.Complexity.Information.RandomConservation	KolmogorovMathlib.AlgorithmicStatistics.NormalizedCodedFiniteDistribution	exact duplicate; strict direct checks for 32 modules, 79-module affected build, and full audit
KolmogorovMathlib.Complexity.KolmogorovLevin.LogarithmicGap	KolmogorovMathlib.CommonInformation.ConditionalIndependence	exact duplicate; strict direct checks for 32 modules, 79-module affected build, and full audit
KolmogorovMathlib.Complexity.KolmogorovLevin.LogarithmicGap	KolmogorovMathlib.Complexity.Properties	exact duplicate; strict direct checks for 32 modules, 79-module affected build, and full audit
KolmogorovMathlib.Complexity.KolmogorovLevin.LogarithmicGap	KolmogorovMathlib.AlgorithmicProbability.PairProjection	exact duplicate; strict direct checks for 32 modules, 79-module affected build, and full audit
KolmogorovMathlib.Complexity.KolmogorovLevin.LogarithmicGap	KolmogorovMathlib.Prefix.TwoStage	exact duplicate; strict direct checks for 32 modules, 79-module affected build, and full audit
KolmogorovMathlib.Complexity.KolmogorovLevin.LogarithmicGap	KolmogorovMathlib.CommonInformation.ConditionalCounting	exact duplicate; strict direct checks for 32 modules, 79-module affected build, and full audit
KolmogorovMathlib.Complexity.KolmogorovLevin.LogarithmicGap	KolmogorovMathlib.AlgorithmicStatistics.NormalizedCodedFiniteDistribution	exact duplicate; strict direct checks for 32 modules, 79-module affected build, and full audit
KolmogorovMathlib.Complexity.KolmogorovLevin.Refinements	KolmogorovMathlib.CommonInformation.ConditionalIndependence	exact duplicate; strict direct checks for 32 modules, 79-module affected build, and full audit
KolmogorovMathlib.Complexity.KolmogorovLevin.Refinements	KolmogorovMathlib.Complexity.Properties	exact duplicate; strict direct checks for 32 modules, 79-module affected build, and full audit
KolmogorovMathlib.Complexity.KolmogorovLevin.Refinements	KolmogorovMathlib.AlgorithmicProbability.PairProjection	exact duplicate; strict direct checks for 32 modules, 79-module affected build, and full audit
KolmogorovMathlib.Complexity.KolmogorovLevin.Refinements	KolmogorovMathlib.Prefix.TwoStage	exact duplicate; strict direct checks for 32 modules, 79-module affected build, and full audit
KolmogorovMathlib.Complexity.KolmogorovLevin.Refinements	KolmogorovMathlib.CommonInformation.ConditionalCounting	exact duplicate; strict direct checks for 32 modules, 79-module affected build, and full audit
KolmogorovMathlib.Complexity.KolmogorovLevin.Refinements	KolmogorovMathlib.AlgorithmicStatistics.NormalizedCodedFiniteDistribution	exact duplicate; strict direct checks for 32 modules, 79-module affected build, and full audit
KolmogorovMathlib.Complexity.KolmogorovLevin.ShortDescriptions	KolmogorovMathlib.CommonInformation.ConditionalIndependence	exact duplicate; strict direct checks for 32 modules, 79-module affected build, and full audit
KolmogorovMathlib.Complexity.KolmogorovLevin.ShortDescriptions	KolmogorovMathlib.Complexity.Properties	exact duplicate; strict direct checks for 32 modules, 79-module affected build, and full audit
KolmogorovMathlib.Complexity.KolmogorovLevin.ShortDescriptions	KolmogorovMathlib.AlgorithmicProbability.PairProjection	exact duplicate; strict direct checks for 32 modules, 79-module affected build, and full audit
KolmogorovMathlib.Complexity.KolmogorovLevin.ShortDescriptions	KolmogorovMathlib.Prefix.TwoStage	exact duplicate; strict direct checks for 32 modules, 79-module affected build, and full audit
KolmogorovMathlib.Complexity.KolmogorovLevin.ShortDescriptions	KolmogorovMathlib.CommonInformation.ConditionalCounting	exact duplicate; strict direct checks for 32 modules, 79-module affected build, and full audit
KolmogorovMathlib.Complexity.KolmogorovLevin.ShortDescriptions	KolmogorovMathlib.AlgorithmicStatistics.NormalizedCodedFiniteDistribution	exact duplicate; strict direct checks for 32 modules, 79-module affected build, and full audit
KolmogorovMathlib.Complexity.PairComplexity.ConditionalMinimality	KolmogorovMathlib.CommonInformation.ConditionalIndependence	exact duplicate; strict direct checks for 32 modules, 79-module affected build, and full audit
KolmogorovMathlib.Complexity.PairComplexity.ConditionalMinimality	KolmogorovMathlib.Complexity.Properties	exact duplicate; strict direct checks for 32 modules, 79-module affected build, and full audit
KolmogorovMathlib.Complexity.PairComplexity.ConditionalMinimality	KolmogorovMathlib.AlgorithmicProbability.PairProjection	exact duplicate; strict direct checks for 32 modules, 79-module affected build, and full audit
KolmogorovMathlib.Complexity.PairComplexity.ConditionalMinimality	KolmogorovMathlib.Prefix.TwoStage	exact duplicate; strict direct checks for 32 modules, 79-module affected build, and full audit
KolmogorovMathlib.Complexity.PairComplexity.ConditionalMinimality	KolmogorovMathlib.CommonInformation.ConditionalCounting	exact duplicate; strict direct checks for 32 modules, 79-module affected build, and full audit
KolmogorovMathlib.Complexity.PairComplexity.ConditionalMinimality	KolmogorovMathlib.AlgorithmicStatistics.NormalizedCodedFiniteDistribution	exact duplicate; strict direct checks for 32 modules, 79-module affected build, and full audit
KolmogorovMathlib.Complexity.PairComplexity.LogarithmicTerms.PlainBounds	KolmogorovMathlib.CommonInformation.ConditionalIndependence	exact duplicate; strict direct checks for 32 modules, 79-module affected build, and full audit
KolmogorovMathlib.Complexity.PairComplexity.LogarithmicTerms.PlainBounds	KolmogorovMathlib.Complexity.Properties	exact duplicate; strict direct checks for 32 modules, 79-module affected build, and full audit
KolmogorovMathlib.Complexity.PairComplexity.LogarithmicTerms.PlainBounds	KolmogorovMathlib.AlgorithmicProbability.PairProjection	exact duplicate; strict direct checks for 32 modules, 79-module affected build, and full audit
KolmogorovMathlib.Complexity.PairComplexity.LogarithmicTerms.PlainBounds	KolmogorovMathlib.Prefix.TwoStage	exact duplicate; strict direct checks for 32 modules, 79-module affected build, and full audit
KolmogorovMathlib.Complexity.PairComplexity.LogarithmicTerms.PlainBounds	KolmogorovMathlib.CommonInformation.ConditionalCounting	exact duplicate; strict direct checks for 32 modules, 79-module affected build, and full audit
KolmogorovMathlib.Complexity.PairComplexity.LogarithmicTerms.PlainBounds	KolmogorovMathlib.AlgorithmicStatistics.NormalizedCodedFiniteDistribution	exact duplicate; strict direct checks for 32 modules, 79-module affected build, and full audit
KolmogorovMathlib.Complexity.PairComplexity.Overhead	KolmogorovMathlib.CommonInformation.ConditionalIndependence	exact duplicate; strict direct checks for 32 modules, 79-module affected build, and full audit
KolmogorovMathlib.Complexity.PairComplexity.Overhead	KolmogorovMathlib.Complexity.Properties	exact duplicate; strict direct checks for 32 modules, 79-module affected build, and full audit
KolmogorovMathlib.Complexity.PairComplexity.Overhead	KolmogorovMathlib.AlgorithmicProbability.PairProjection	exact duplicate; strict direct checks for 32 modules, 79-module affected build, and full audit
KolmogorovMathlib.Complexity.PairComplexity.Overhead	KolmogorovMathlib.Prefix.TwoStage	exact duplicate; strict direct checks for 32 modules, 79-module affected build, and full audit
KolmogorovMathlib.Complexity.PairComplexity.Overhead	KolmogorovMathlib.CommonInformation.ConditionalCounting	exact duplicate; strict direct checks for 32 modules, 79-module affected build, and full audit
KolmogorovMathlib.Complexity.PairComplexity.Overhead	KolmogorovMathlib.AlgorithmicStatistics.NormalizedCodedFiniteDistribution	exact duplicate; strict direct checks for 32 modules, 79-module affected build, and full audit
KolmogorovMathlib.Complexity.RandomConditions.Bound.HeavyStringsEnumeration	KolmogorovMathlib.CommonInformation.ConditionalIndependence	exact duplicate; strict direct checks for 32 modules, 79-module affected build, and full audit
KolmogorovMathlib.Complexity.RandomConditions.Bound.HeavyStringsEnumeration	KolmogorovMathlib.Complexity.Properties	exact duplicate; strict direct checks for 32 modules, 79-module affected build, and full audit
KolmogorovMathlib.Complexity.RandomConditions.Bound.HeavyStringsEnumeration	KolmogorovMathlib.AlgorithmicProbability.PairProjection	exact duplicate; strict direct checks for 32 modules, 79-module affected build, and full audit
KolmogorovMathlib.Complexity.RandomConditions.Bound.HeavyStringsEnumeration	KolmogorovMathlib.Prefix.TwoStage	exact duplicate; strict direct checks for 32 modules, 79-module affected build, and full audit
KolmogorovMathlib.Complexity.RandomConditions.Bound.HeavyStringsEnumeration	KolmogorovMathlib.CommonInformation.ConditionalCounting	exact duplicate; strict direct checks for 32 modules, 79-module affected build, and full audit
KolmogorovMathlib.Complexity.RandomConditions.Bound.HeavyStringsEnumeration	KolmogorovMathlib.AlgorithmicStatistics.NormalizedCodedFiniteDistribution	exact duplicate; strict direct checks for 32 modules, 79-module affected build, and full audit
KolmogorovMathlib.Complexity.RandomConditions.Bound.StageComputability	KolmogorovMathlib.CommonInformation.ConditionalIndependence	exact duplicate; strict direct checks for 32 modules, 79-module affected build, and full audit
KolmogorovMathlib.Complexity.RandomConditions.Bound.StageComputability	KolmogorovMathlib.Complexity.Properties	exact duplicate; strict direct checks for 32 modules, 79-module affected build, and full audit
KolmogorovMathlib.Complexity.RandomConditions.Bound.StageComputability	KolmogorovMathlib.AlgorithmicProbability.PairProjection	exact duplicate; strict direct checks for 32 modules, 79-module affected build, and full audit
KolmogorovMathlib.Complexity.RandomConditions.Bound.StageComputability	KolmogorovMathlib.Prefix.TwoStage	exact duplicate; strict direct checks for 32 modules, 79-module affected build, and full audit
KolmogorovMathlib.Complexity.RandomConditions.Bound.StageComputability	KolmogorovMathlib.CommonInformation.ConditionalCounting	exact duplicate; strict direct checks for 32 modules, 79-module affected build, and full audit
KolmogorovMathlib.Complexity.RandomConditions.Bound.StageComputability	KolmogorovMathlib.AlgorithmicStatistics.NormalizedCodedFiniteDistribution	exact duplicate; strict direct checks for 32 modules, 79-module affected build, and full audit
KolmogorovMathlib.Complexity.RandomConditions.Enumeration	KolmogorovMathlib.CommonInformation.ConditionalIndependence	exact duplicate; strict direct checks for 32 modules, 79-module affected build, and full audit
KolmogorovMathlib.Complexity.RandomConditions.Enumeration	KolmogorovMathlib.Complexity.Properties	exact duplicate; strict direct checks for 32 modules, 79-module affected build, and full audit
KolmogorovMathlib.Complexity.RandomConditions.Enumeration	KolmogorovMathlib.AlgorithmicProbability.PairProjection	exact duplicate; strict direct checks for 32 modules, 79-module affected build, and full audit
KolmogorovMathlib.Complexity.RandomConditions.Enumeration	KolmogorovMathlib.Prefix.TwoStage	exact duplicate; strict direct checks for 32 modules, 79-module affected build, and full audit
KolmogorovMathlib.Complexity.RandomConditions.Enumeration	KolmogorovMathlib.CommonInformation.ConditionalCounting	exact duplicate; strict direct checks for 32 modules, 79-module affected build, and full audit
KolmogorovMathlib.Complexity.RandomConditions.Enumeration	KolmogorovMathlib.AlgorithmicStatistics.NormalizedCodedFiniteDistribution	exact duplicate; strict direct checks for 32 modules, 79-module affected build, and full audit
KolmogorovMathlib.Complexity.SelfComplexity.TokenGame.BoardMachinery	KolmogorovMathlib.CommonInformation.ConditionalIndependence	exact duplicate; strict direct checks for 32 modules, 79-module affected build, and full audit
KolmogorovMathlib.Complexity.SelfComplexity.TokenGame.BoardMachinery	KolmogorovMathlib.Complexity.Properties	exact duplicate; strict direct checks for 32 modules, 79-module affected build, and full audit
KolmogorovMathlib.Complexity.SelfComplexity.TokenGame.BoardMachinery	KolmogorovMathlib.AlgorithmicProbability.PairProjection	exact duplicate; strict direct checks for 32 modules, 79-module affected build, and full audit
KolmogorovMathlib.Complexity.SelfComplexity.TokenGame.BoardMachinery	KolmogorovMathlib.Prefix.TwoStage	exact duplicate; strict direct checks for 32 modules, 79-module affected build, and full audit
KolmogorovMathlib.Complexity.SelfComplexity.TokenGame.BoardMachinery	KolmogorovMathlib.CommonInformation.ConditionalCounting	exact duplicate; strict direct checks for 32 modules, 79-module affected build, and full audit
KolmogorovMathlib.Complexity.SelfComplexity.TokenGame.BoardMachinery	KolmogorovMathlib.AlgorithmicStatistics.NormalizedCodedFiniteDistribution	exact duplicate; strict direct checks for 32 modules, 79-module affected build, and full audit
KolmogorovMathlib.Complexity.SelfComplexity.TokenGame.LowerBound	KolmogorovMathlib.CommonInformation.ConditionalIndependence	exact duplicate; strict direct checks for 32 modules, 79-module affected build, and full audit
KolmogorovMathlib.Complexity.SelfComplexity.TokenGame.LowerBound	KolmogorovMathlib.Complexity.Properties	exact duplicate; strict direct checks for 32 modules, 79-module affected build, and full audit
KolmogorovMathlib.Complexity.SelfComplexity.TokenGame.LowerBound	KolmogorovMathlib.AlgorithmicProbability.PairProjection	exact duplicate; strict direct checks for 32 modules, 79-module affected build, and full audit
KolmogorovMathlib.Complexity.SelfComplexity.TokenGame.LowerBound	KolmogorovMathlib.Prefix.TwoStage	exact duplicate; strict direct checks for 32 modules, 79-module affected build, and full audit
KolmogorovMathlib.Complexity.SelfComplexity.TokenGame.LowerBound	KolmogorovMathlib.CommonInformation.ConditionalCounting	exact duplicate; strict direct checks for 32 modules, 79-module affected build, and full audit
KolmogorovMathlib.Complexity.SelfComplexity.TokenGame.LowerBound	KolmogorovMathlib.AlgorithmicStatistics.NormalizedCodedFiniteDistribution	exact duplicate; strict direct checks for 32 modules, 79-module affected build, and full audit
KolmogorovMathlib.MonotoneComplexity.Omega.SolovayInverse.Core	KolmogorovMathlib.Interface.ComputableReals	exact duplicate; strict direct checks for 32 modules, 79-module affected build, and full audit
KolmogorovMathlib.MonotoneComplexity.Omega.SolovayInverse.Core	KolmogorovMathlib.Prefix.TotalCountingBound	exact duplicate; strict direct checks for 32 modules, 79-module affected build, and full audit
KolmogorovMathlib.MonotoneComplexity.Omega.SolovayInverse.Inequality	KolmogorovMathlib.Interface.ComputableReals	exact duplicate; strict direct checks for 32 modules, 79-module affected build, and full audit
KolmogorovMathlib.MonotoneComplexity.Omega.SolovayInverse.Inequality	KolmogorovMathlib.Prefix.TotalCountingBound	exact duplicate; strict direct checks for 32 modules, 79-module affected build, and full audit
KolmogorovMathlib.Prefix.BlockingReadMachines	KolmogorovMathlib.Interface.ComputableReals	exact duplicate; strict direct checks for 32 modules, 79-module affected build, and full audit
KolmogorovMathlib.Prefix.BlockingReadMachines	KolmogorovMathlib.Prefix.TotalCountingBound	exact duplicate; strict direct checks for 32 modules, 79-module affected build, and full audit
KolmogorovMathlib.Prefix.ExtensionTheorem	KolmogorovMathlib.Interface.ComputableReals	exact duplicate; strict direct checks for 32 modules, 79-module affected build, and full audit
KolmogorovMathlib.Prefix.ExtensionTheorem	KolmogorovMathlib.Prefix.TotalCountingBound	exact duplicate; strict direct checks for 32 modules, 79-module affected build, and full audit
KolmogorovMathlib.Prefix.PairComplexity	KolmogorovMathlib.Interface.ComputableReals	exact duplicate; strict direct checks for 32 modules, 79-module affected build, and full audit
KolmogorovMathlib.Prefix.PairComplexity	KolmogorovMathlib.Prefix.TotalCountingBound	exact duplicate; strict direct checks for 32 modules, 79-module affected build, and full audit
KolmogorovMathlib.Prefix.PrefixStableComplexity	KolmogorovMathlib.Interface.ComputableReals	exact duplicate; strict direct checks for 32 modules, 79-module affected build, and full audit
KolmogorovMathlib.Prefix.PrefixStableComplexity	KolmogorovMathlib.Prefix.TotalCountingBound	exact duplicate; strict direct checks for 32 modules, 79-module affected build, and full audit
KolmogorovMathlib.MonotoneComplexity.Omega.SolovayInverse.Core	KolmogorovMathlib.Interface.ComputableReals	same project closure; strict direct checks and 15-module affected root build
KolmogorovMathlib.MonotoneComplexity.Omega.SolovayInverse.Core	KolmogorovMathlib.Interface.Dovetailing	same project closure; strict direct checks and 15-module affected root build
KolmogorovMathlib.MonotoneComplexity.Omega.SolovayInverse.Core	KolmogorovMathlib.Complexity.PairComplexity	same project closure; strict direct checks and 15-module affected root build
KolmogorovMathlib.MonotoneComplexity.Omega.SolovayInverse.Core	KolmogorovMathlib.Complexity.ConditionalComplexity	same project closure; strict direct checks and 15-module affected root build
KolmogorovMathlib.MonotoneComplexity.Omega.SolovayInverse.Core	KolmogorovMathlib.Complexity.KolmogorovLevin	same project closure; strict direct checks and 15-module affected root build
KolmogorovMathlib.MonotoneComplexity.Omega.SolovayInverse.Core	KolmogorovMathlib.Complexity.RandomConditions	same project closure; strict direct checks and 15-module affected root build
KolmogorovMathlib.MonotoneComplexity.Omega.SolovayInverse.Core	KolmogorovMathlib.Complexity.SelfComplexity	same project closure; strict direct checks and 15-module affected root build
KolmogorovMathlib.MonotoneComplexity.Omega.SolovayInverse.Core	KolmogorovMathlib.Complexity.InfiniteSequences	same project closure; strict direct checks and 15-module affected root build
KolmogorovMathlib.MonotoneComplexity.Omega.SolovayInverse.Core	KolmogorovMathlib.Complexity.IncompressibleStrings	same project closure; strict direct checks and 15-module affected root build
KolmogorovMathlib.MonotoneComplexity.Omega.SolovayInverse.Core	KolmogorovMathlib.Complexity.Information	same project closure; strict direct checks and 15-module affected root build
KolmogorovMathlib.MonotoneComplexity.Omega.SolovayInverse.Core	KolmogorovMathlib.Complexity.Incompressibility	same project closure; strict direct checks and 15-module affected root build
KolmogorovMathlib.MonotoneComplexity.Omega.SolovayInverse.Core	KolmogorovMathlib.AlgorithmicProbability.UniversalSemimeasure	same project closure; strict direct checks and 15-module affected root build
KolmogorovMathlib.MonotoneComplexity.Omega.SolovayInverse.Core	KolmogorovMathlib.AlgorithmicProbability.PairProjection	same project closure; strict direct checks and 15-module affected root build
KolmogorovMathlib.MonotoneComplexity.Omega.SolovayInverse.Core	KolmogorovMathlib.AlgorithmicProbability.KraftChaitinAllocator	same project closure; strict direct checks and 15-module affected root build
KolmogorovMathlib.MonotoneComplexity.Omega.SolovayInverse.Core	KolmogorovMathlib.Prefix.ConditionalSymmetry	same project closure; strict direct checks and 15-module affected root build
KolmogorovMathlib.MonotoneComplexity.Omega.SolovayInverse.Core	KolmogorovMathlib.Prefix.TotalCountingBound	same project closure; strict direct checks and 15-module affected root build
KolmogorovMathlib.MonotoneComplexity.Omega.SolovayInverse.Core	KolmogorovMathlib.Prefix.KPPairSwap	same project closure; strict direct checks and 15-module affected root build
KolmogorovMathlib.MonotoneComplexity.Omega.SolovayInverse.Core	KolmogorovMathlib.Prefix.TwoStage	same project closure; strict direct checks and 15-module affected root build
KolmogorovMathlib.MonotoneComplexity.Omega.SolovayInverse.Core	KolmogorovMathlib.Prefix.CondTwoStage	same project closure; strict direct checks and 15-module affected root build
KolmogorovMathlib.MonotoneComplexity.Omega.SolovayInverse.Core	KolmogorovMathlib.Foundation.PrimrecExtras	same project closure; strict direct checks and 15-module affected root build
KolmogorovMathlib.MonotoneComplexity.Omega.SolovayInverse.Core	KolmogorovMathlib.Prefix.Properties	same project closure; strict direct checks and 15-module affected root build
KolmogorovMathlib.MonotoneComplexity.Omega.SolovayInverse.Core	KolmogorovMathlib.AlgorithmicStatistics.Selector	same project closure; strict direct checks and 15-module affected root build
KolmogorovMathlib.MonotoneComplexity.Omega.SolovayInverse.Inequality	KolmogorovMathlib.Interface.ComputableReals	same project closure; strict direct checks and 15-module affected root build
KolmogorovMathlib.MonotoneComplexity.Omega.SolovayInverse.Inequality	KolmogorovMathlib.Interface.Dovetailing	same project closure; strict direct checks and 15-module affected root build
KolmogorovMathlib.MonotoneComplexity.Omega.SolovayInverse.Inequality	KolmogorovMathlib.Complexity.PairComplexity	same project closure; strict direct checks and 15-module affected root build
KolmogorovMathlib.MonotoneComplexity.Omega.SolovayInverse.Inequality	KolmogorovMathlib.Complexity.ConditionalComplexity	same project closure; strict direct checks and 15-module affected root build
KolmogorovMathlib.MonotoneComplexity.Omega.SolovayInverse.Inequality	KolmogorovMathlib.Complexity.KolmogorovLevin	same project closure; strict direct checks and 15-module affected root build
KolmogorovMathlib.MonotoneComplexity.Omega.SolovayInverse.Inequality	KolmogorovMathlib.Complexity.RandomConditions	same project closure; strict direct checks and 15-module affected root build
KolmogorovMathlib.MonotoneComplexity.Omega.SolovayInverse.Inequality	KolmogorovMathlib.Complexity.SelfComplexity	same project closure; strict direct checks and 15-module affected root build
KolmogorovMathlib.MonotoneComplexity.Omega.SolovayInverse.Inequality	KolmogorovMathlib.Complexity.InfiniteSequences	same project closure; strict direct checks and 15-module affected root build
KolmogorovMathlib.MonotoneComplexity.Omega.SolovayInverse.Inequality	KolmogorovMathlib.Complexity.IncompressibleStrings	same project closure; strict direct checks and 15-module affected root build
KolmogorovMathlib.MonotoneComplexity.Omega.SolovayInverse.Inequality	KolmogorovMathlib.Complexity.Information	same project closure; strict direct checks and 15-module affected root build
KolmogorovMathlib.MonotoneComplexity.Omega.SolovayInverse.Inequality	KolmogorovMathlib.Complexity.Incompressibility	same project closure; strict direct checks and 15-module affected root build
KolmogorovMathlib.MonotoneComplexity.Omega.SolovayInverse.Inequality	KolmogorovMathlib.AlgorithmicProbability.UniversalSemimeasure	same project closure; strict direct checks and 15-module affected root build
KolmogorovMathlib.MonotoneComplexity.Omega.SolovayInverse.Inequality	KolmogorovMathlib.AlgorithmicProbability.PairProjection	same project closure; strict direct checks and 15-module affected root build
KolmogorovMathlib.MonotoneComplexity.Omega.SolovayInverse.Inequality	KolmogorovMathlib.AlgorithmicProbability.KraftChaitinAllocator	same project closure; strict direct checks and 15-module affected root build
KolmogorovMathlib.MonotoneComplexity.Omega.SolovayInverse.Inequality	KolmogorovMathlib.Prefix.ConditionalSymmetry	same project closure; strict direct checks and 15-module affected root build
KolmogorovMathlib.MonotoneComplexity.Omega.SolovayInverse.Inequality	KolmogorovMathlib.Prefix.TotalCountingBound	same project closure; strict direct checks and 15-module affected root build
KolmogorovMathlib.MonotoneComplexity.Omega.SolovayInverse.Inequality	KolmogorovMathlib.Prefix.KPPairSwap	same project closure; strict direct checks and 15-module affected root build
KolmogorovMathlib.MonotoneComplexity.Omega.SolovayInverse.Inequality	KolmogorovMathlib.Prefix.TwoStage	same project closure; strict direct checks and 15-module affected root build
KolmogorovMathlib.MonotoneComplexity.Omega.SolovayInverse.Inequality	KolmogorovMathlib.Prefix.CondTwoStage	same project closure; strict direct checks and 15-module affected root build
KolmogorovMathlib.MonotoneComplexity.Omega.SolovayInverse.Inequality	KolmogorovMathlib.Foundation.PrimrecExtras	same project closure; strict direct checks and 15-module affected root build
KolmogorovMathlib.MonotoneComplexity.Omega.SolovayInverse.Inequality	KolmogorovMathlib.Prefix.Properties	same project closure; strict direct checks and 15-module affected root build
KolmogorovMathlib.MonotoneComplexity.Omega.SolovayInverse.Inequality	KolmogorovMathlib.AlgorithmicStatistics.Selector	same project closure; strict direct checks and 15-module affected root build
KolmogorovMathlib.MonotoneComplexity.Omega.SolovayInverse.Inequality	KolmogorovMathlib.Prefix.ExtensionTheorem	same project closure; strict direct checks and 15-module affected root build
KolmogorovMathlib.MonotoneComplexity.Omega.SolovayInverse.Inequality	KolmogorovMathlib.AlgorithmicStatistics.TwoPart.Snapshots.Part02	same project closure; strict direct checks and 15-module affected root build
KolmogorovMathlib.Complexity.ConditionalComplexity.AverageBounds.Expectation	KolmogorovMathlib.Interface.Dovetailing	copied Tail import block removed; strict direct check and 62-module affected root build
KolmogorovMathlib.Complexity.ConditionalComplexity.AverageBounds.Expectation	KolmogorovMathlib.AlgorithmicRandomness.NatLogPrimrec	copied Tail import block removed; strict direct check and 62-module affected root build
KolmogorovMathlib.Complexity.ConditionalComplexity.AverageBounds.Expectation	KolmogorovMathlib.AlgorithmicStatistics.NormalizedCodedFiniteDistribution	copied Tail import block removed; strict direct check and 62-module affected root build
KolmogorovMathlib.Complexity.ConditionalComplexity.AverageBounds.Expectation	KolmogorovMathlib.AlgorithmicStatistics.TwoPart.ModelsToSets2	copied Tail import block removed; strict direct check and 62-module affected root build
KolmogorovMathlib.Complexity.ConditionalComplexity.AverageBounds.Expectation	KolmogorovMathlib.CommonInformation.ConditionalCounting	copied Tail import block removed; strict direct check and 62-module affected root build
KolmogorovMathlib.Complexity.ConditionalComplexity.AverageBounds.Expectation	KolmogorovMathlib.Foundation.EnumerationComplexity	copied Tail import block removed; strict direct check and 62-module affected root build
KolmogorovMathlib.Complexity.ConditionalComplexity.AverageBounds.Expectation	KolmogorovMathlib.AlgorithmicStatistics.StrongModels.AddNoise	copied Tail import block removed; strict direct check and 62-module affected root build
KolmogorovMathlib.Complexity.ConditionalComplexity.AverageBounds.Expectation	KolmogorovMathlib.Prefix.Properties	copied Tail import block removed; strict direct check and 62-module affected root build
KolmogorovMathlib.Complexity.ConditionalComplexity.AverageBounds.Expectation	KolmogorovMathlib.Prefix.Symmetry	copied Tail import block removed; strict direct check and 62-module affected root build
KolmogorovMathlib.Complexity.ConditionalComplexity.AverageBounds.Expectation	KolmogorovMathlib.Prefix.ConditionalSymmetry	copied Tail import block removed; strict direct check and 62-module affected root build
KolmogorovMathlib.Complexity.ConditionalComplexity.AverageBounds.Expectation	KolmogorovMathlib.Foundation.EffectiveNotions	copied Tail import block removed; strict direct check and 62-module affected root build
KolmogorovMathlib.Complexity.ConditionalComplexity.AverageBounds.Expectation	KolmogorovMathlib.CommonInformation.ConditionalIndependence	copied Tail import block removed; strict direct check and 62-module affected root build
KolmogorovMathlib.Complexity.ConditionalComplexity.AverageBounds.Expectation	KolmogorovMathlib.AlgorithmicProbability.PairProjection	copied Tail import block removed; strict direct check and 62-module affected root build
KolmogorovMathlib.Complexity.ConditionalComplexity.AverageBounds.Expectation	KolmogorovMathlib.Foundation.NatEncoding	copied Tail import block removed; strict direct check and 62-module affected root build
KolmogorovMathlib.Complexity.ConditionalComplexity.AverageBounds.Expectation	KolmogorovMathlib.Prefix.TwoStage	copied Tail import block removed; strict direct check and 62-module affected root build
KolmogorovMathlib.Complexity.ConditionalComplexity.AverageBounds.Expectation	KolmogorovMathlib.Encoding.Tuples	copied Tail import block removed; strict direct check and 62-module affected root build
KolmogorovMathlib.Complexity.ConditionalComplexity.AverageBounds.Expectation	KolmogorovMathlib.Complexity.Properties	copied Tail import block removed; strict direct check and 62-module affected root build
KolmogorovMathlib.Complexity.ConditionalComplexity.AverageBounds.Expectation	KolmogorovMathlib.Prefix.Machine	copied Tail import block removed; strict direct check and 62-module affected root build
KolmogorovMathlib.Complexity.ConditionalComplexity.AverageBounds.Expectation	KolmogorovMathlib.AlgorithmicStatistics.TwoPart.SlackArith	copied Tail import block removed; strict direct check and 62-module affected root build
KolmogorovMathlib.Complexity.ConditionalComplexity.AverageBounds.Expectation	Mathlib.Analysis.SpecialFunctions.Log.Base	copied Tail import block removed; strict direct check and 62-module affected root build
KolmogorovMathlib.Complexity.ConditionalComplexity.AverageBounds.Expectation	Mathlib.Algebra.BigOperators.Group.Finset.Basic	copied Tail import block removed; strict direct check and 62-module affected root build
KolmogorovMathlib.Complexity.ConditionalComplexity.AverageBounds.Expectation	Mathlib.Algebra.BigOperators.Field	copied Tail import block removed; strict direct check and 62-module affected root build
KolmogorovMathlib.Complexity.ConditionalComplexity.AverageBounds.Expectation	Mathlib.Data.ENNReal.Inv	copied Tail import block removed; strict direct check and 62-module affected root build
KolmogorovMathlib.Complexity.ConditionalComplexity.AverageBounds.Expectation	KolmogorovMathlib.AlgorithmicStatistics.Selector	copied Tail import block removed; strict direct check and 62-module affected root build
KolmogorovMathlib.Complexity.ConditionalComplexity.AverageBounds.Expectation	KolmogorovMathlib.CommonInformation.Counting	copied Tail import block removed; strict direct check and 62-module affected root build
KolmogorovMathlib.Complexity.ConditionalComplexity.AverageBounds.Expectation	KolmogorovMathlib.Complexity.RandomConditions.Bound	copied Tail import block removed; strict direct check and 62-module affected root build
KolmogorovMathlib.Complexity.InfiniteSequences.PrefixComplexity	KolmogorovMathlib.CommonInformation.ConditionalCounting	no declaration of this module occurs in the elaborated module; strict lake env lean check and affected build clean
KolmogorovMathlib.Complexity.InfiniteSequences.PrefixComplexity	KolmogorovMathlib.AlgorithmicStatistics.StrongModels.AddNoise	no declaration of this module occurs in the elaborated module; strict lake env lean check and affected build clean
KolmogorovMathlib.Complexity.InfiniteSequences.PrefixComplexity	KolmogorovMathlib.Prefix.Properties	aggregator; no declaration of its subtree is used that another retained import does not supply; strict lake env lean check and affected build clean
KolmogorovMathlib.Complexity.InfiniteSequences.PrefixComplexity	KolmogorovMathlib.Prefix.Symmetry	no declaration of this module occurs in the elaborated module; strict lake env lean check and affected build clean
KolmogorovMathlib.Complexity.InfiniteSequences.PrefixComplexity	KolmogorovMathlib.Prefix.ConditionalSymmetry	no declaration of this module occurs in the elaborated module; strict lake env lean check and affected build clean
KolmogorovMathlib.Complexity.InfiniteSequences.PrefixComplexity	KolmogorovMathlib.Foundation.EffectiveNotions	no declaration of this module occurs in the elaborated module; strict lake env lean check and affected build clean
KolmogorovMathlib.Complexity.InfiniteSequences.PrefixComplexity	KolmogorovMathlib.CommonInformation.ConditionalIndependence	aggregator; no declaration of its subtree is used that another retained import does not supply; strict lake env lean check and affected build clean
KolmogorovMathlib.Complexity.InfiniteSequences.PrefixComplexity	KolmogorovMathlib.AlgorithmicProbability.PairProjection	no declaration of this module occurs in the elaborated module; strict lake env lean check and affected build clean
KolmogorovMathlib.Complexity.InfiniteSequences.PrefixComplexity	KolmogorovMathlib.Foundation.NatEncoding	no declaration of this module occurs in the elaborated module; strict lake env lean check and affected build clean
KolmogorovMathlib.Complexity.InfiniteSequences.PrefixComplexity	KolmogorovMathlib.Prefix.TwoStage	no declaration of this module occurs in the elaborated module; strict lake env lean check and affected build clean
KolmogorovMathlib.Complexity.InfiniteSequences.PrefixComplexity	KolmogorovMathlib.Encoding.Tuples	no declaration of this module occurs in the elaborated module; strict lake env lean check and affected build clean
KolmogorovMathlib.Complexity.InfiniteSequences.PrefixComplexity	KolmogorovMathlib.Prefix.Machine	no declaration of this module occurs in the elaborated module; strict lake env lean check and affected build clean
KolmogorovMathlib.Complexity.InfiniteSequences.PrefixComplexity	KolmogorovMathlib.AlgorithmicStatistics.TwoPart.SlackArith	no declaration of this module occurs in the elaborated module; strict lake env lean check and affected build clean
KolmogorovMathlib.Complexity.InfiniteSequences.PrefixComplexity	KolmogorovMathlib.CommonInformation.Counting	no declaration of this module occurs in the elaborated module; strict lake env lean check and affected build clean
KolmogorovMathlib.Complexity.InfiniteSequences.MonotoneGap	KolmogorovMathlib.Interface.Dovetailing	no declaration of this module occurs in the elaborated module; strict lake env lean check and affected build clean
KolmogorovMathlib.Complexity.InfiniteSequences.MonotoneGap	KolmogorovMathlib.AlgorithmicRandomness.NatLogPrimrec	no declaration of this module occurs in the elaborated module; strict lake env lean check and affected build clean
KolmogorovMathlib.Complexity.InfiniteSequences.MonotoneGap	KolmogorovMathlib.AlgorithmicStatistics.TwoPart.ModelsToSets2	no declaration of this module occurs in the elaborated module; strict lake env lean check and affected build clean
KolmogorovMathlib.Complexity.InfiniteSequences.MonotoneGap	KolmogorovMathlib.CommonInformation.ConditionalCounting	no declaration of this module occurs in the elaborated module; strict lake env lean check and affected build clean
KolmogorovMathlib.Complexity.InfiniteSequences.MonotoneGap	KolmogorovMathlib.AlgorithmicStatistics.StrongModels.AddNoise	no declaration of this module occurs in the elaborated module; strict lake env lean check and affected build clean
KolmogorovMathlib.Complexity.InfiniteSequences.MonotoneGap	KolmogorovMathlib.Prefix.Properties	aggregator; no declaration of its subtree is used that another retained import does not supply; strict lake env lean check and affected build clean
KolmogorovMathlib.Complexity.InfiniteSequences.MonotoneGap	KolmogorovMathlib.Prefix.Symmetry	no declaration of this module occurs in the elaborated module; strict lake env lean check and affected build clean
KolmogorovMathlib.Complexity.InfiniteSequences.MonotoneGap	KolmogorovMathlib.Prefix.ConditionalSymmetry	no declaration of this module occurs in the elaborated module; strict lake env lean check and affected build clean
KolmogorovMathlib.Complexity.InfiniteSequences.MonotoneGap	KolmogorovMathlib.Foundation.EffectiveNotions	no declaration of this module occurs in the elaborated module; strict lake env lean check and affected build clean
KolmogorovMathlib.Complexity.InfiniteSequences.MonotoneGap	KolmogorovMathlib.CommonInformation.ConditionalIndependence	aggregator; no declaration of its subtree is used that another retained import does not supply; strict lake env lean check and affected build clean
KolmogorovMathlib.Complexity.InfiniteSequences.MonotoneGap	KolmogorovMathlib.AlgorithmicProbability.PairProjection	no declaration of this module occurs in the elaborated module; strict lake env lean check and affected build clean
KolmogorovMathlib.Complexity.InfiniteSequences.MonotoneGap	KolmogorovMathlib.Prefix.TwoStage	no declaration of this module occurs in the elaborated module; strict lake env lean check and affected build clean
KolmogorovMathlib.Complexity.InfiniteSequences.MonotoneGap	KolmogorovMathlib.Encoding.Tuples	no declaration of this module occurs in the elaborated module; strict lake env lean check and affected build clean
KolmogorovMathlib.Complexity.InfiniteSequences.MonotoneGap	KolmogorovMathlib.Prefix.Machine	no declaration of this module occurs in the elaborated module; strict lake env lean check and affected build clean
KolmogorovMathlib.Complexity.InfiniteSequences.MonotoneGap	KolmogorovMathlib.AlgorithmicStatistics.TwoPart.SlackArith	no declaration of this module occurs in the elaborated module; strict lake env lean check and affected build clean
KolmogorovMathlib.Complexity.InfiniteSequences.MonotoneGap	KolmogorovMathlib.CommonInformation.Counting	no declaration of this module occurs in the elaborated module; strict lake env lean check and affected build clean
KolmogorovMathlib.Complexity.InfiniteSequences.MonotoneComparison	KolmogorovMathlib.AlgorithmicRandomness.NatLogPrimrec	no declaration of this module occurs in the elaborated module; strict lake env lean check and affected build clean
KolmogorovMathlib.Complexity.InfiniteSequences.MonotoneComparison	KolmogorovMathlib.AlgorithmicStatistics.TwoPart.ModelsToSets2	no declaration of this module occurs in the elaborated module; strict lake env lean check and affected build clean
KolmogorovMathlib.Complexity.InfiniteSequences.MonotoneComparison	KolmogorovMathlib.CommonInformation.ConditionalCounting	no declaration of this module occurs in the elaborated module; strict lake env lean check and affected build clean
KolmogorovMathlib.Complexity.InfiniteSequences.MonotoneComparison	KolmogorovMathlib.AlgorithmicStatistics.StrongModels.AddNoise	no declaration of this module occurs in the elaborated module; strict lake env lean check and affected build clean
KolmogorovMathlib.Complexity.InfiniteSequences.MonotoneComparison	KolmogorovMathlib.Prefix.Properties	aggregator; no declaration of its subtree is used that another retained import does not supply; strict lake env lean check and affected build clean
KolmogorovMathlib.Complexity.InfiniteSequences.MonotoneComparison	KolmogorovMathlib.Prefix.Symmetry	no declaration of this module occurs in the elaborated module; strict lake env lean check and affected build clean
KolmogorovMathlib.Complexity.InfiniteSequences.MonotoneComparison	KolmogorovMathlib.Prefix.ConditionalSymmetry	no declaration of this module occurs in the elaborated module; strict lake env lean check and affected build clean
KolmogorovMathlib.Complexity.InfiniteSequences.MonotoneComparison	KolmogorovMathlib.Foundation.EffectiveNotions	no declaration of this module occurs in the elaborated module; strict lake env lean check and affected build clean
KolmogorovMathlib.Complexity.InfiniteSequences.MonotoneComparison	KolmogorovMathlib.CommonInformation.ConditionalIndependence	aggregator; no declaration of its subtree is used that another retained import does not supply; strict lake env lean check and affected build clean
KolmogorovMathlib.Complexity.InfiniteSequences.MonotoneComparison	KolmogorovMathlib.Encoding.Tuples	no declaration of this module occurs in the elaborated module; strict lake env lean check and affected build clean
KolmogorovMathlib.Complexity.InfiniteSequences.MonotoneComparison	KolmogorovMathlib.Prefix.Machine	no declaration of this module occurs in the elaborated module; strict lake env lean check and affected build clean
KolmogorovMathlib.Complexity.InfiniteSequences.MonotoneComparison	KolmogorovMathlib.AlgorithmicStatistics.TwoPart.SlackArith	no declaration of this module occurs in the elaborated module; strict lake env lean check and affected build clean
KolmogorovMathlib.Complexity.InfiniteSequences.MonotoneComparison	KolmogorovMathlib.CommonInformation.Counting	no declaration of this module occurs in the elaborated module; strict lake env lean check and affected build clean
KolmogorovMathlib.Complexity.PairComplexity.ConditionalMinimality	KolmogorovMathlib.Interface.Dovetailing	copied PairComplexity chain import block removed; closure preserved; strict direct checks and 79-module affected root build
KolmogorovMathlib.Complexity.PairComplexity.ConditionalMinimality	KolmogorovMathlib.AlgorithmicRandomness.NatLogPrimrec	copied PairComplexity chain import block removed; closure preserved; strict direct checks and 79-module affected root build
KolmogorovMathlib.Complexity.PairComplexity.ConditionalMinimality	KolmogorovMathlib.AlgorithmicStatistics.NormalizedCodedFiniteDistribution	copied PairComplexity chain import block removed; closure preserved; strict direct checks and 79-module affected root build
KolmogorovMathlib.Complexity.PairComplexity.ConditionalMinimality	KolmogorovMathlib.AlgorithmicStatistics.TwoPart.ModelsToSets2	copied PairComplexity chain import block removed; closure preserved; strict direct checks and 79-module affected root build
KolmogorovMathlib.Complexity.PairComplexity.ConditionalMinimality	KolmogorovMathlib.CommonInformation.ConditionalCounting	copied PairComplexity chain import block removed; closure preserved; strict direct checks and 79-module affected root build
KolmogorovMathlib.Complexity.PairComplexity.ConditionalMinimality	KolmogorovMathlib.Foundation.EnumerationComplexity	copied PairComplexity chain import block removed; closure preserved; strict direct checks and 79-module affected root build
KolmogorovMathlib.Complexity.PairComplexity.ConditionalMinimality	KolmogorovMathlib.AlgorithmicStatistics.StrongModels.AddNoise	copied PairComplexity chain import block removed; closure preserved; strict direct checks and 79-module affected root build
KolmogorovMathlib.Complexity.PairComplexity.ConditionalMinimality	KolmogorovMathlib.Prefix.Properties	copied PairComplexity chain import block removed; closure preserved; strict direct checks and 79-module affected root build
KolmogorovMathlib.Complexity.PairComplexity.ConditionalMinimality	KolmogorovMathlib.Prefix.Symmetry	copied PairComplexity chain import block removed; closure preserved; strict direct checks and 79-module affected root build
KolmogorovMathlib.Complexity.PairComplexity.ConditionalMinimality	KolmogorovMathlib.Prefix.ConditionalSymmetry	copied PairComplexity chain import block removed; closure preserved; strict direct checks and 79-module affected root build
KolmogorovMathlib.Complexity.PairComplexity.ConditionalMinimality	KolmogorovMathlib.Foundation.EffectiveNotions	copied PairComplexity chain import block removed; closure preserved; strict direct checks and 79-module affected root build
KolmogorovMathlib.Complexity.PairComplexity.ConditionalMinimality	KolmogorovMathlib.CommonInformation.ConditionalIndependence	copied PairComplexity chain import block removed; closure preserved; strict direct checks and 79-module affected root build
KolmogorovMathlib.Complexity.PairComplexity.ConditionalMinimality	KolmogorovMathlib.AlgorithmicProbability.PairProjection	copied PairComplexity chain import block removed; closure preserved; strict direct checks and 79-module affected root build
KolmogorovMathlib.Complexity.PairComplexity.ConditionalMinimality	KolmogorovMathlib.Foundation.NatEncoding	copied PairComplexity chain import block removed; closure preserved; strict direct checks and 79-module affected root build
KolmogorovMathlib.Complexity.PairComplexity.ConditionalMinimality	KolmogorovMathlib.Prefix.TwoStage	copied PairComplexity chain import block removed; closure preserved; strict direct checks and 79-module affected root build
KolmogorovMathlib.Complexity.PairComplexity.ConditionalMinimality	KolmogorovMathlib.Encoding.Tuples	copied PairComplexity chain import block removed; closure preserved; strict direct checks and 79-module affected root build
KolmogorovMathlib.Complexity.PairComplexity.ConditionalMinimality	KolmogorovMathlib.Complexity.Properties	copied PairComplexity chain import block removed; closure preserved; strict direct checks and 79-module affected root build
KolmogorovMathlib.Complexity.PairComplexity.ConditionalMinimality	KolmogorovMathlib.Prefix.Machine	copied PairComplexity chain import block removed; closure preserved; strict direct checks and 79-module affected root build
KolmogorovMathlib.Complexity.PairComplexity.ConditionalMinimality	KolmogorovMathlib.AlgorithmicStatistics.TwoPart.SlackArith	copied PairComplexity chain import block removed; closure preserved; strict direct checks and 79-module affected root build
KolmogorovMathlib.Complexity.PairComplexity.ConditionalMinimality	Mathlib.Analysis.SpecialFunctions.Log.Base	copied PairComplexity chain import block removed; closure preserved; strict direct checks and 79-module affected root build
KolmogorovMathlib.Complexity.PairComplexity.ConditionalMinimality	Mathlib.Algebra.BigOperators.Group.Finset.Basic	copied PairComplexity chain import block removed; closure preserved; strict direct checks and 79-module affected root build
KolmogorovMathlib.Complexity.PairComplexity.ConditionalMinimality	Mathlib.Algebra.BigOperators.Field	copied PairComplexity chain import block removed; closure preserved; strict direct checks and 79-module affected root build
KolmogorovMathlib.Complexity.PairComplexity.ConditionalMinimality	Mathlib.Data.ENNReal.Inv	copied PairComplexity chain import block removed; closure preserved; strict direct checks and 79-module affected root build
KolmogorovMathlib.Complexity.PairComplexity.ConditionalMinimality	KolmogorovMathlib.AlgorithmicStatistics.Selector	copied PairComplexity chain import block removed; closure preserved; strict direct checks and 79-module affected root build
KolmogorovMathlib.Complexity.PairComplexity.ConditionalMinimality	KolmogorovMathlib.CommonInformation.Counting	copied PairComplexity chain import block removed; closure preserved; strict direct checks and 79-module affected root build
KolmogorovMathlib.Complexity.PairComplexity.LogarithmicTerms.ConditionalBounds	KolmogorovMathlib.AlgorithmicProbability.PairProjection	copied PairComplexity chain import block removed; closure preserved; strict direct checks and 79-module affected root build
KolmogorovMathlib.Complexity.PairComplexity.LogarithmicTerms.ConditionalBounds	KolmogorovMathlib.AlgorithmicRandomness.NatLogPrimrec	copied PairComplexity chain import block removed; closure preserved; strict direct checks and 79-module affected root build
KolmogorovMathlib.Complexity.PairComplexity.LogarithmicTerms.ConditionalBounds	KolmogorovMathlib.AlgorithmicStatistics.NormalizedCodedFiniteDistribution	copied PairComplexity chain import block removed; closure preserved; strict direct checks and 79-module affected root build
KolmogorovMathlib.Complexity.PairComplexity.LogarithmicTerms.ConditionalBounds	KolmogorovMathlib.AlgorithmicStatistics.Selector	copied PairComplexity chain import block removed; closure preserved; strict direct checks and 79-module affected root build
KolmogorovMathlib.Complexity.PairComplexity.LogarithmicTerms.ConditionalBounds	KolmogorovMathlib.AlgorithmicStatistics.StrongModels.AddNoise	copied PairComplexity chain import block removed; closure preserved; strict direct checks and 79-module affected root build
KolmogorovMathlib.Complexity.PairComplexity.LogarithmicTerms.ConditionalBounds	KolmogorovMathlib.AlgorithmicStatistics.TwoPart.ModelsToSets2	copied PairComplexity chain import block removed; closure preserved; strict direct checks and 79-module affected root build
KolmogorovMathlib.Complexity.PairComplexity.LogarithmicTerms.ConditionalBounds	KolmogorovMathlib.AlgorithmicStatistics.TwoPart.SlackArith	copied PairComplexity chain import block removed; closure preserved; strict direct checks and 79-module affected root build
KolmogorovMathlib.Complexity.PairComplexity.LogarithmicTerms.ConditionalBounds	KolmogorovMathlib.CommonInformation.ConditionalCounting	copied PairComplexity chain import block removed; closure preserved; strict direct checks and 79-module affected root build
KolmogorovMathlib.Complexity.PairComplexity.LogarithmicTerms.ConditionalBounds	KolmogorovMathlib.CommonInformation.ConditionalIndependence	copied PairComplexity chain import block removed; closure preserved; strict direct checks and 79-module affected root build
KolmogorovMathlib.Complexity.PairComplexity.LogarithmicTerms.ConditionalBounds	KolmogorovMathlib.CommonInformation.Counting	copied PairComplexity chain import block removed; closure preserved; strict direct checks and 79-module affected root build
KolmogorovMathlib.Complexity.PairComplexity.LogarithmicTerms.ConditionalBounds	KolmogorovMathlib.Complexity.Properties	copied PairComplexity chain import block removed; closure preserved; strict direct checks and 79-module affected root build
KolmogorovMathlib.Complexity.PairComplexity.LogarithmicTerms.ConditionalBounds	KolmogorovMathlib.Encoding.Tuples	copied PairComplexity chain import block removed; closure preserved; strict direct checks and 79-module affected root build
KolmogorovMathlib.Complexity.PairComplexity.LogarithmicTerms.ConditionalBounds	KolmogorovMathlib.Foundation.EffectiveNotions	copied PairComplexity chain import block removed; closure preserved; strict direct checks and 79-module affected root build
KolmogorovMathlib.Complexity.PairComplexity.LogarithmicTerms.ConditionalBounds	KolmogorovMathlib.Foundation.EnumerationComplexity	copied PairComplexity chain import block removed; closure preserved; strict direct checks and 79-module affected root build
KolmogorovMathlib.Complexity.PairComplexity.LogarithmicTerms.ConditionalBounds	KolmogorovMathlib.Foundation.NatEncoding	copied PairComplexity chain import block removed; closure preserved; strict direct checks and 79-module affected root build
KolmogorovMathlib.Complexity.PairComplexity.LogarithmicTerms.ConditionalBounds	KolmogorovMathlib.Interface.Dovetailing	copied PairComplexity chain import block removed; closure preserved; strict direct checks and 79-module affected root build
KolmogorovMathlib.Complexity.PairComplexity.LogarithmicTerms.ConditionalBounds	KolmogorovMathlib.Prefix.ConditionalSymmetry	copied PairComplexity chain import block removed; closure preserved; strict direct checks and 79-module affected root build
KolmogorovMathlib.Complexity.PairComplexity.LogarithmicTerms.ConditionalBounds	KolmogorovMathlib.Prefix.Machine	copied PairComplexity chain import block removed; closure preserved; strict direct checks and 79-module affected root build
KolmogorovMathlib.Complexity.PairComplexity.LogarithmicTerms.ConditionalBounds	KolmogorovMathlib.Prefix.Properties	copied PairComplexity chain import block removed; closure preserved; strict direct checks and 79-module affected root build
KolmogorovMathlib.Complexity.PairComplexity.LogarithmicTerms.ConditionalBounds	KolmogorovMathlib.Prefix.Symmetry	copied PairComplexity chain import block removed; closure preserved; strict direct checks and 79-module affected root build
KolmogorovMathlib.Complexity.PairComplexity.LogarithmicTerms.ConditionalBounds	KolmogorovMathlib.Prefix.TwoStage	copied PairComplexity chain import block removed; closure preserved; strict direct checks and 79-module affected root build
KolmogorovMathlib.Complexity.PairComplexity.LogarithmicTerms.ConditionalBounds	Mathlib.Algebra.BigOperators.Field	copied PairComplexity chain import block removed; closure preserved; strict direct checks and 79-module affected root build
KolmogorovMathlib.Complexity.PairComplexity.LogarithmicTerms.ConditionalBounds	Mathlib.Algebra.BigOperators.Group.Finset.Basic	copied PairComplexity chain import block removed; closure preserved; strict direct checks and 79-module affected root build
KolmogorovMathlib.Complexity.PairComplexity.LogarithmicTerms.ConditionalBounds	Mathlib.Analysis.SpecialFunctions.Log.Base	copied PairComplexity chain import block removed; closure preserved; strict direct checks and 79-module affected root build
KolmogorovMathlib.Complexity.PairComplexity.LogarithmicTerms.ConditionalBounds	Mathlib.Data.ENNReal.Inv	copied PairComplexity chain import block removed; closure preserved; strict direct checks and 79-module affected root build
KolmogorovMathlib.Complexity.PairComplexity.LogarithmicTerms.PlainBounds	KolmogorovMathlib.Interface.Dovetailing	copied PairComplexity chain import block removed; closure preserved; strict direct checks and 79-module affected root build
KolmogorovMathlib.Complexity.PairComplexity.LogarithmicTerms.PlainBounds	KolmogorovMathlib.AlgorithmicRandomness.NatLogPrimrec	copied PairComplexity chain import block removed; closure preserved; strict direct checks and 79-module affected root build
KolmogorovMathlib.Complexity.PairComplexity.LogarithmicTerms.PlainBounds	KolmogorovMathlib.AlgorithmicStatistics.NormalizedCodedFiniteDistribution	copied PairComplexity chain import block removed; closure preserved; strict direct checks and 79-module affected root build
KolmogorovMathlib.Complexity.PairComplexity.LogarithmicTerms.PlainBounds	KolmogorovMathlib.AlgorithmicStatistics.TwoPart.ModelsToSets2	copied PairComplexity chain import block removed; closure preserved; strict direct checks and 79-module affected root build
KolmogorovMathlib.Complexity.PairComplexity.LogarithmicTerms.PlainBounds	KolmogorovMathlib.CommonInformation.ConditionalCounting	copied PairComplexity chain import block removed; closure preserved; strict direct checks and 79-module affected root build
KolmogorovMathlib.Complexity.PairComplexity.LogarithmicTerms.PlainBounds	KolmogorovMathlib.Foundation.EnumerationComplexity	copied PairComplexity chain import block removed; closure preserved; strict direct checks and 79-module affected root build
KolmogorovMathlib.Complexity.PairComplexity.LogarithmicTerms.PlainBounds	KolmogorovMathlib.AlgorithmicStatistics.StrongModels.AddNoise	copied PairComplexity chain import block removed; closure preserved; strict direct checks and 79-module affected root build
KolmogorovMathlib.Complexity.PairComplexity.LogarithmicTerms.PlainBounds	KolmogorovMathlib.Prefix.Properties	copied PairComplexity chain import block removed; closure preserved; strict direct checks and 79-module affected root build
KolmogorovMathlib.Complexity.PairComplexity.LogarithmicTerms.PlainBounds	KolmogorovMathlib.Prefix.Symmetry	copied PairComplexity chain import block removed; closure preserved; strict direct checks and 79-module affected root build
KolmogorovMathlib.Complexity.PairComplexity.LogarithmicTerms.PlainBounds	KolmogorovMathlib.Prefix.ConditionalSymmetry	copied PairComplexity chain import block removed; closure preserved; strict direct checks and 79-module affected root build
KolmogorovMathlib.Complexity.PairComplexity.LogarithmicTerms.PlainBounds	KolmogorovMathlib.Foundation.EffectiveNotions	copied PairComplexity chain import block removed; closure preserved; strict direct checks and 79-module affected root build
KolmogorovMathlib.Complexity.PairComplexity.LogarithmicTerms.PlainBounds	KolmogorovMathlib.CommonInformation.ConditionalIndependence	copied PairComplexity chain import block removed; closure preserved; strict direct checks and 79-module affected root build
KolmogorovMathlib.Complexity.PairComplexity.LogarithmicTerms.PlainBounds	KolmogorovMathlib.AlgorithmicProbability.PairProjection	copied PairComplexity chain import block removed; closure preserved; strict direct checks and 79-module affected root build
KolmogorovMathlib.Complexity.PairComplexity.LogarithmicTerms.PlainBounds	KolmogorovMathlib.Foundation.NatEncoding	copied PairComplexity chain import block removed; closure preserved; strict direct checks and 79-module affected root build
KolmogorovMathlib.Complexity.PairComplexity.LogarithmicTerms.PlainBounds	KolmogorovMathlib.Prefix.TwoStage	copied PairComplexity chain import block removed; closure preserved; strict direct checks and 79-module affected root build
KolmogorovMathlib.Complexity.PairComplexity.LogarithmicTerms.PlainBounds	KolmogorovMathlib.Encoding.Tuples	copied PairComplexity chain import block removed; closure preserved; strict direct checks and 79-module affected root build
KolmogorovMathlib.Complexity.PairComplexity.LogarithmicTerms.PlainBounds	KolmogorovMathlib.Complexity.Properties	copied PairComplexity chain import block removed; closure preserved; strict direct checks and 79-module affected root build
KolmogorovMathlib.Complexity.PairComplexity.LogarithmicTerms.PlainBounds	KolmogorovMathlib.Prefix.Machine	copied PairComplexity chain import block removed; closure preserved; strict direct checks and 79-module affected root build
KolmogorovMathlib.Complexity.PairComplexity.LogarithmicTerms.PlainBounds	KolmogorovMathlib.AlgorithmicStatistics.TwoPart.SlackArith	copied PairComplexity chain import block removed; closure preserved; strict direct checks and 79-module affected root build
KolmogorovMathlib.Complexity.PairComplexity.LogarithmicTerms.PlainBounds	Mathlib.Analysis.SpecialFunctions.Log.Base	copied PairComplexity chain import block removed; closure preserved; strict direct checks and 79-module affected root build
KolmogorovMathlib.Complexity.PairComplexity.LogarithmicTerms.PlainBounds	Mathlib.Algebra.BigOperators.Group.Finset.Basic	copied PairComplexity chain import block removed; closure preserved; strict direct checks and 79-module affected root build
KolmogorovMathlib.Complexity.PairComplexity.LogarithmicTerms.PlainBounds	Mathlib.Algebra.BigOperators.Field	copied PairComplexity chain import block removed; closure preserved; strict direct checks and 79-module affected root build
KolmogorovMathlib.Complexity.PairComplexity.LogarithmicTerms.PlainBounds	Mathlib.Data.ENNReal.Inv	copied PairComplexity chain import block removed; closure preserved; strict direct checks and 79-module affected root build
KolmogorovMathlib.Complexity.PairComplexity.LogarithmicTerms.PlainBounds	KolmogorovMathlib.AlgorithmicStatistics.Selector	copied PairComplexity chain import block removed; closure preserved; strict direct checks and 79-module affected root build
KolmogorovMathlib.Complexity.PairComplexity.LogarithmicTerms.PlainBounds	KolmogorovMathlib.CommonInformation.Counting	copied PairComplexity chain import block removed; closure preserved; strict direct checks and 79-module affected root build
KolmogorovMathlib.Complexity.PairComplexity.Overhead	KolmogorovMathlib.Interface.Dovetailing	copied PairComplexity chain import block removed; closure preserved; strict direct checks and 79-module affected root build
KolmogorovMathlib.Complexity.PairComplexity.Overhead	KolmogorovMathlib.AlgorithmicRandomness.NatLogPrimrec	copied PairComplexity chain import block removed; closure preserved; strict direct checks and 79-module affected root build
KolmogorovMathlib.Complexity.PairComplexity.Overhead	KolmogorovMathlib.AlgorithmicStatistics.NormalizedCodedFiniteDistribution	copied PairComplexity chain import block removed; closure preserved; strict direct checks and 79-module affected root build
KolmogorovMathlib.Complexity.PairComplexity.Overhead	KolmogorovMathlib.AlgorithmicStatistics.TwoPart.ModelsToSets2	copied PairComplexity chain import block removed; closure preserved; strict direct checks and 79-module affected root build
KolmogorovMathlib.Complexity.PairComplexity.Overhead	KolmogorovMathlib.CommonInformation.ConditionalCounting	copied PairComplexity chain import block removed; closure preserved; strict direct checks and 79-module affected root build
KolmogorovMathlib.Complexity.PairComplexity.Overhead	KolmogorovMathlib.Foundation.EnumerationComplexity	copied PairComplexity chain import block removed; closure preserved; strict direct checks and 79-module affected root build
KolmogorovMathlib.Complexity.PairComplexity.Overhead	KolmogorovMathlib.AlgorithmicStatistics.StrongModels.AddNoise	copied PairComplexity chain import block removed; closure preserved; strict direct checks and 79-module affected root build
KolmogorovMathlib.Complexity.PairComplexity.Overhead	KolmogorovMathlib.Prefix.Properties	copied PairComplexity chain import block removed; closure preserved; strict direct checks and 79-module affected root build
KolmogorovMathlib.Complexity.PairComplexity.Overhead	KolmogorovMathlib.Prefix.Symmetry	copied PairComplexity chain import block removed; closure preserved; strict direct checks and 79-module affected root build
KolmogorovMathlib.Complexity.PairComplexity.Overhead	KolmogorovMathlib.Prefix.ConditionalSymmetry	copied PairComplexity chain import block removed; closure preserved; strict direct checks and 79-module affected root build
KolmogorovMathlib.Complexity.PairComplexity.Overhead	KolmogorovMathlib.Foundation.EffectiveNotions	copied PairComplexity chain import block removed; closure preserved; strict direct checks and 79-module affected root build
KolmogorovMathlib.Complexity.PairComplexity.Overhead	KolmogorovMathlib.CommonInformation.ConditionalIndependence	copied PairComplexity chain import block removed; closure preserved; strict direct checks and 79-module affected root build
KolmogorovMathlib.Complexity.PairComplexity.Overhead	KolmogorovMathlib.AlgorithmicProbability.PairProjection	copied PairComplexity chain import block removed; closure preserved; strict direct checks and 79-module affected root build
KolmogorovMathlib.Complexity.PairComplexity.Overhead	KolmogorovMathlib.Foundation.NatEncoding	copied PairComplexity chain import block removed; closure preserved; strict direct checks and 79-module affected root build
KolmogorovMathlib.Complexity.PairComplexity.Overhead	KolmogorovMathlib.Prefix.TwoStage	copied PairComplexity chain import block removed; closure preserved; strict direct checks and 79-module affected root build
KolmogorovMathlib.Complexity.PairComplexity.Overhead	KolmogorovMathlib.Encoding.Tuples	copied PairComplexity chain import block removed; closure preserved; strict direct checks and 79-module affected root build
KolmogorovMathlib.Complexity.PairComplexity.Overhead	KolmogorovMathlib.Complexity.Properties	copied PairComplexity chain import block removed; closure preserved; strict direct checks and 79-module affected root build
KolmogorovMathlib.Complexity.PairComplexity.Overhead	KolmogorovMathlib.Prefix.Machine	copied PairComplexity chain import block removed; closure preserved; strict direct checks and 79-module affected root build
KolmogorovMathlib.Complexity.PairComplexity.Overhead	KolmogorovMathlib.AlgorithmicStatistics.TwoPart.SlackArith	copied PairComplexity chain import block removed; closure preserved; strict direct checks and 79-module affected root build
KolmogorovMathlib.Complexity.PairComplexity.Overhead	Mathlib.Analysis.SpecialFunctions.Log.Base	copied PairComplexity chain import block removed; closure preserved; strict direct checks and 79-module affected root build
KolmogorovMathlib.Complexity.PairComplexity.Overhead	Mathlib.Algebra.BigOperators.Group.Finset.Basic	copied PairComplexity chain import block removed; closure preserved; strict direct checks and 79-module affected root build
KolmogorovMathlib.Complexity.PairComplexity.Overhead	Mathlib.Algebra.BigOperators.Field	copied PairComplexity chain import block removed; closure preserved; strict direct checks and 79-module affected root build
KolmogorovMathlib.Complexity.PairComplexity.Overhead	Mathlib.Data.ENNReal.Inv	copied PairComplexity chain import block removed; closure preserved; strict direct checks and 79-module affected root build
KolmogorovMathlib.Complexity.PairComplexity.Overhead	KolmogorovMathlib.AlgorithmicStatistics.Selector	copied PairComplexity chain import block removed; closure preserved; strict direct checks and 79-module affected root build
KolmogorovMathlib.Complexity.PairComplexity.Overhead	KolmogorovMathlib.CommonInformation.Counting	copied PairComplexity chain import block removed; closure preserved; strict direct checks and 79-module affected root build
