deleted_def	survivor_def	equality_lemma	argument_map
Kolmogorov.hitUpTo	Kolmogorov.hitUpTo	Kolmogorov.hitUpToBridge_eq_hitUpTo	-
Kolmogorov.padBits	Kolmogorov.ShortDescriptions.padBits	Kolmogorov.padBits_eq_shortDescriptions_padBits	-
Kolmogorov.decodeNatCode	Kolmogorov.CodedFiniteDistribution.decodeNatCode	Kolmogorov.decodeNatCode_eq_codedFiniteDistribution_decodeNatCode	-
Kolmogorov.DeficiencyLe	Kolmogorov.CodedFiniteDistribution.DeficiencyLe	Kolmogorov.deficiencyLe_eq_codedFiniteDistribution_deficiencyLe	-
Kolmogorov.IsStochastic	Kolmogorov.CodedFiniteDistribution.IsStochastic	Kolmogorov.isStochastic_eq_codedFiniteDistribution_isStochastic	-
Kolmogorov.IsNonStochastic	Kolmogorov.CodedFiniteDistribution.IsNonStochastic	Kolmogorov.isNonStochastic_eq_codedFiniteDistribution_isNonStochastic	-
Kolmogorov.IsComputableReal	Kolmogorov.ComputableReals.IsComputableReal	Kolmogorov.isComputableReal_eq_computableReals_isComputableReal	-
Kolmogorov.IsLowerSemicomputableSeq	Kolmogorov.ComputableReals.IsLowerSemicomputableSeq	Kolmogorov.isLowerSemicomputableSeq_eq_computableReals_isLowerSemicomputableSeq	-
Kolmogorov.IsLowerSemicomputableReal	Kolmogorov.ComputableReals.IsLowerSemicomputableReal	Kolmogorov.isLowerSemicomputableReal_eq_computableReals_isLowerSemicomputableReal	-
IsComputableReal	Kolmogorov.ComputableReals.IsComputableReal	isComputableReal_eq_computableReals_isComputableReal	-
