# book item	status	declarations (names as first recorded; resolved through phase3_renames.tsv)
Theorem 7	proved	Kolmogorov.SUV.Ch01.theorem07_a,Kolmogorov.SUV.Ch01.theorem07_b
Theorem 8	proved	Kolmogorov.SUV.Ch01.theorem08_a,Kolmogorov.SUV.Ch01.theorem08_b
Theorem 9	proved	Kolmogorov.SUV.Ch01.theorem09
Theorem 10	proved	Kolmogorov.SUV.Ch01.theorem10
Theorem 11	proved	Kolmogorov.SUV.Ch01.theorem11
Theorem 12	proved	Kolmogorov.SUV.Ch01.theorem12
Theorem 13	proved	Kolmogorov.SUV.Ch01.theorem13
Theorem 15	proved	Kolmogorov.SUV.Ch01.theorem15_complexity,Kolmogorov.SUV.Ch01.theorem15_equivalence
Exercise 1	proved	Kolmogorov.SUV.Ch01.exercise01_lipschitz,Kolmogorov.SUV.Ch01.exercise01_log
Exercise 2	proved	Kolmogorov.SUV.Ch01.exercise02_count_range,Kolmogorov.SUV.Ch01.exercise02_layer_card,Kolmogorov.SUV.Ch01.exercise02_layer_empty
Exercise 3	proved	Kolmogorov.SUV.Ch01.exercise03_average
Exercise 4	proved	Kolmogorov.SUV.Ch01.exercise04_four_letters
Exercise 5	proved	Kolmogorov.SUV.Ch01.exercise05_q_letters
Exercise 6	proved	Kolmogorov.SUV.Ch01.exercise06_growth
Exercise 7	archived	Kolmogorov.SUV.Ch01.exercise07_hamming_neighbour
Exercise 8	proved	Kolmogorov.SUV.Ch01.exercise08_different_decompressors
Exercise 9	archived	Kolmogorov.SUV.Ch01.exercise09_relativized
Exercise 10	archived	Kolmogorov.SUV.Ch01.exercise10_query_bound
Exercise 11	proved	Kolmogorov.SUV.Ch01.exercise11_busyBeaver_shift
Exercise 12	proved	Kolmogorov.SUV.Ch01.exercise12_a_upperGraph,Kolmogorov.SUV.Ch01.exercise12_a_compressible,Kolmogorov.SUV.Ch01.exercise12_b_manyOne,Kolmogorov.SUV.Ch01.exercise12_c_not_rSeparable
Exercise 13	proved	Kolmogorov.SUV.Ch01.exercise13_diagonal_of_highComplexity,Kolmogorov.SUV.Ch01.exercise13_highComplexity_of_diagonal
Exercise 14	proved	Kolmogorov.SUV.Ch01.exercise14_fixedPointFree_of_diagonal,Kolmogorov.SUV.Ch01.exercise14_diagonal_of_fixedPointFree
Exercise 15	proved	Kolmogorov.SUV.Ch01.exercise15_arslanov
Theorem 16	proved	Kolmogorov.SUV.Ch02.theorem16_first,Kolmogorov.SUV.Ch02.theorem16_second,Kolmogorov.SUV.Ch02.theorem16_third
Theorem 19	proved	Kolmogorov.SUV.Ch02.theorem19
Theorem 20	proved	Kolmogorov.SUV.Ch02.theorem20
Exercise 16	proved	Kolmogorov.SUV.Ch02.exercise16_triple
Exercise 17	proved	Kolmogorov.SUV.Ch02.exercise17_no_single_log
Exercise 19	proved	Kolmogorov.SUV.Ch02.exercise19_overhead_characterization
Exercise 20	archived	Kolmogorov.SUV.Ch02.exercise20_coefficient_one_false,Kolmogorov.SUV.Ch02.exercise20_coefficient_one_plus_eps
Exercise 21	proved	Kolmogorov.SUV.Ch02.exercise21_symmetric_logs
Exercise 22	proved	Kolmogorov.SUV.Ch02.exercise22_log_of_sum
Exercise 23	proved	Kolmogorov.SUV.Ch02.exercise23_pair_with_complexity
Exercise 24	proved	Kolmogorov.SUV.Ch02.exercise24_two_n
Exercise 25	proved	Kolmogorov.SUV.Ch02.exercise25_continuity,Kolmogorov.SUV.Ch02.exercise25_intermediate
Exercise 26	proved	Kolmogorov.SUV.Ch02.exercise26_fixed_condition
Exercise 27	proved	Kolmogorov.SUV.Ch02.exercise27_pair_condition
Exercise 28	proved	Kolmogorov.SUV.Ch02.exercise28_program_complexity
Exercise 29	proved	Kolmogorov.SUV.Ch02.exercise29_total_conditional
Exercise 30	archived	Kolmogorov.SUV.Ch02.exercise30_total_gap
Exercise 31	archived	Kolmogorov.SUV.Ch02.exercise31_permutation
Exercise 32	archived	Kolmogorov.SUV.Ch02.exercise32_permutation_lower_bound
Exercise 33	proved	Kolmogorov.SUV.Ch02.exercise33_two_conditions
Exercise 34	proved	Kolmogorov.SUV.Ch02.exercise34_triangle
Exercise 35	proved	Kolmogorov.SUV.Ch02.exercise35_sharp_symmetry
Exercise 36	proved	Kolmogorov.SUV.Ch02.exercise36_dichotomy
Exercise 37	proved	Kolmogorov.SUV.Ch02.exercise37_unavoidable_above,Kolmogorov.SUV.Ch02.exercise37_unavoidable_below
Exercise 38	proved	Kolmogorov.SUV.Ch02.exercise38_one_bit_flip
Exercise 39	proved	Kolmogorov.SUV.Ch02.exercise39_many_descriptions
Exercise 40	proved	Kolmogorov.SUV.Ch02.exercise40_few_shortest_descriptions
Exercise 41	proved	Kolmogorov.SUV.Ch02.exercise41_probability_bound
Exercise 42	proved	Kolmogorov.SUV.Ch02.exercise42_tail,Kolmogorov.SUV.Ch02.exercise42_average
Exercise 43	proved	Kolmogorov.SUV.Ch02.exercise43_short_conditional
Exercise 44	proved	Kolmogorov.SUV.Ch02.exercise44_self_conditional
Exercise 45	proved	Kolmogorov.SUV.Ch02.exercise45_complexity_of_complexity
Exercise 46	archived	Kolmogorov.SUV.Ch02.exercise46_append
Exercise 47	archived	Kolmogorov.SUV.Ch02.exercise47_profile
Exercise 48	proved	Kolmogorov.SUV.Ch02.exercise48_computable_iff_bounded
Exercise 49	proved	Kolmogorov.SUV.Ch02.exercise49_log_prefixes_computable
Exercise 50	proved	Kolmogorov.SUV.Ch02.exercise50_Cinf_below_M
Exercise 51	proved	Kolmogorov.SUV.Ch02.exercise51_M_below_C
Exercise 52	proved	Kolmogorov.SUV.Ch02.exercise52_Cinf_le_two_Minf
Exercise 53	proved	Kolmogorov.SUV.Ch02.exercise53_a_count,Kolmogorov.SUV.Ch02.exercise53_b_count_complexity,Kolmogorov.SUV.Ch02.exercise53_c_halves,Kolmogorov.SUV.Ch02.exercise53_d_substrings,Kolmogorov.SUV.Ch02.exercise53_e_zero_runs
Exercise 54	proved	Kolmogorov.SUV.Ch02.exercise54_infinitely_often,Kolmogorov.SUV.Ch02.exercise54_matching_sequence
Exercise 55	proved	Kolmogorov.SUV.Ch02.exercise55_deficiency_comparison
Exercise 56	archived	Kolmogorov.SUV.Ch02.exercise56_deficiency_chain
Exercise 57	archived	Kolmogorov.SUV.Ch02.exercise57_turing_complete
Exercise 58	proved	Kolmogorov.SUV.Ch02.exercise58_conservation
Exercise 59	proved	Kolmogorov.SUV.Ch02.exercise59_probabilistic_conservation
Exercise 60	proved	Kolmogorov.SUV.Ch02.exercise60_asymmetry
Exercise 61	proved	Kolmogorov.SUV.Ch02.exercise61_expected_information
Exercise 62	proved	Kolmogorov.SUV.Ch02.exercise62_weaker_hypotheses
Exercise 63	proved	Kolmogorov.SUV.Ch02.exercise63_information_chain
Exercise 64	proved	Kolmogorov.SUV.Ch02.exercise64_independent_not_conditionally,Kolmogorov.SUV.Ch02.exercise64_conditionally_independent_not
Exercise 65	proved	Kolmogorov.SUV.Ch02.exercise65_markov_reversal
Theorem 44	proved	Kolmogorov.SUV.Ch04.theorem44_halting_lowerSemicomputable,Kolmogorov.SUV.Ch04.theorem44_lowerSemicomputable_is_halting
Theorem 45	proved	Kolmogorov.SUV.Ch04.theorem45_lowerSemicomputableSeq_iff
Theorem 46	proved	Kolmogorov.aprioriMeasure_empty_isLowerSemicomputableSemimeasure,Kolmogorov.SUV.Ch04.theorem46_semimeasure_is_output_distribution
Theorem 48	proved	Kolmogorov.SUV.Ch04.theorem48_exists_optimal_prefixStable
Theorem 50	proved	Kolmogorov.SUV.Ch04.theorem50_prefixFree_iff_blockingRead
Theorem 51	archived	Kolmogorov.SUV.Ch04.theorem51_robust_prefixStable,Kolmogorov.SUV.Ch04.theorem51_prefixStable_robust
Theorem 52	proved	Kolmogorov.SUV.Ch04.theorem52_isOpen_iff
Theorem 53	proved	Kolmogorov.SUV.Ch04.theorem53_continuous_iff
Theorem 54	proved	Kolmogorov.SUV.Ch04.theorem54_graph_bijection,Kolmogorov.SUV.Ch04.theorem54_existsUnique
Theorem 55	proved	Kolmogorov.SUV.Ch04.theorem55_prefixStable_le_prefixFree
Theorem 71	proved	Kolmogorov.SUV.Ch04.theorem71_extension_max
Theorem 72	proved	Kolmogorov.SUV.Ch04.theorem72_fixed_point,Kolmogorov.SUV.Ch04.theorem72_stability
Theorem 73	proved	Kolmogorov.SUV.Ch04.theorem73_solovay
Theorem 74	proved	Kolmogorov.SUV.Ch04.theorem74_solovay_inverse
Exercise 94	proved	Kolmogorov.SUV.Ch04.exercise94_computable_lowerSemicomputable
Exercise 95	proved	Kolmogorov.SUV.Ch04.exercise95_computable_iff
Exercise 96	archived	Kolmogorov.SUV.Ch04.exercise96_robustification
Exercise 97	proved	Kolmogorov.SUV.Ch04.exercise97_robustness_undecidable
Exercise 98	proved	Kolmogorov.SUV.Ch04.exercise98_minimalRestrict_not_computable
Exercise 99	proved	Kolmogorov.SUV.Ch04.exercise99_no_log_bound
Exercise 100	proved	Kolmogorov.SUV.Ch04.exercise100_leftmost_allocation
Exercise 101	proved	Kolmogorov.SUV.Ch04.exercise101_pair_sum,Kolmogorov.SUV.Ch04.exercise101_pair_max
Exercise 102	proved	Kolmogorov.SUV.Ch04.exercise102_computable_grouping
Exercise 105	proved	Kolmogorov.SUV.Ch04.exercise105_pair_with_bound
Exercise 106	proved	Kolmogorov.SUV.Ch04.exercise106_average_prefix_complexity
Exercise 107	proved	Kolmogorov.SUV.Ch04.exercise107_plain_pair_prefix_bound
Exercise 108	proved	Kolmogorov.SUV.Ch04.exercise108_high_prefix_complexity
Exercise 109	proved	Kolmogorov.SUV.Ch04.exercise109_le_program_complexity,Kolmogorov.SUV.Ch04.exercise109_converse_false
Exercise 110	proved	Kolmogorov.SUV.Ch04.exercise110_plain_pair_cond_bound
Exercise 111	proved	Kolmogorov.SUV.Ch04.exercise111_triangle
Exercise 114	proved	Kolmogorov.SUV.Ch04.exercise114_triple_inequality
Exercise 115	proved	Kolmogorov.SUV.Ch04.exercise115_pair_increase
Exercise 116	proved	Kolmogorov.SUV.Ch04.exercise116_extension_weak
Exercise 117	proved	Kolmogorov.SUV.Ch04.exercise117_solovay_inequality
Theorem 249	proved	Kolmogorov.SUV.Ch14.theorem249_all_stochastic
Theorem 250	archived	Kolmogorov.SUV.Ch14.theorem250_nonstochastic_fraction
Theorem 251	proved	Kolmogorov.SUV.Ch14.theorem251_nonstochastic_mass
Theorem 254	archived	Kolmogorov.SUV.Ch14.theorem254_equivalences
Theorem 259	proved	Kolmogorov.SUV.Ch14.theorem259_high_conditional_complexity_improves_i,Kolmogorov.SUV.Ch14.theorem259_high_conditional_complexity_improves_j
Exercise 345	proved	Kolmogorov.SUV.Ch14.exercise345_deficiency_tail
Exercise 346	archived	Kolmogorov.SUV.Ch14.exercise346_deficiency_maximal
Exercise 348	proved	Kolmogorov.SUV.Ch14.exercise348_distribution_to_set
Exercise 349	partly archived	Kolmogorov.SUV.Ch14.exercise349_exists_non_random
Exercise 350	proved	Kolmogorov.SUV.Ch14.exercise350_extreme_profile_nonstochastic
Exercise 351	archived	Kolmogorov.SUV.Ch14.exercise351_curve_complexity_needed
Exercise 352	archived	Kolmogorov.SUV.Ch14.exercise352_boundary_not_computable
Exercise 353	proved	Kolmogorov.SUV.Ch14.exercise353_tail_strings_mutually_simple
Exercise 354	proved	Kolmogorov.SUV.Ch14.exercise354_profile_invariant_under_simple_bijection
Exercise 359	proved	Kolmogorov.SUV.Ch14.exercise359_hamming_gap_restricted_profile
Exercise 361	archived	Kolmogorov.SUV.Ch14.exercise361_approxComplexity_eq_hammingBallProfileMin,Kolmogorov.SUV.Ch14.exercise361_approxComplexity_shape,Kolmogorov.SUV.Ch14.exercise361_approxComplexity_realization
Exercise 363	proved	Kolmogorov.SUV.Ch14.exercise363_exists_nonstochastic_weak
Exercise 364	archived	Kolmogorov.SUV.Ch14.exercise364_nonstochastic_fraction_weak
Exercise 365	proved	Kolmogorov.SUV.Ch14.exercise365_nonstochastic_mass_weak
Exercise 366	partly archived	Kolmogorov.SUV.Ch14.exercise366_profile_properties
Exercise 367	archived	Kolmogorov.SUV.Ch14.exercise367_slope_minus_one_segment
Theorem 14	existing	Kolmogorov.prop_busy_beavers
Exercise 18	existing	Kolmogorov.exists_prefixFree_code_of_kraft_le_one
Theorem 47	existing	Kolmogorov.exists_universalSemimeasure
Theorem 49	existing	Kolmogorov.exists_isOptimalPrefixConditional
Exercise 112	existing	Kolmogorov.KPCondPair_symmetryOfInformation_staged
Exercise 360	proved	Kolmogorov.prop_family_curve
